,Compound,Date,Negative,Neutral,Positive,Tweets_ago,User,text
0,-0.7351,Mon Mar 12 00:11:04 +0000 2018,0.246,0.754,0.0,1,@CNN,"In politics today, ""everybody is feeding ... on the hysteria and the negativity. You've got to stay in the light,""‚Ä¶ https://t.co/1MQ58opLIF"
1,0.0,Mon Mar 12 00:00:28 +0000 2018,0.0,1.0,0.0,2,@CNN,"The #VanJonesShow with @Oprah and @Ava starts now. Head there wherever you are: on TV, desktop, mobile devices, app‚Ä¶ https://t.co/fmRPmzAzex"
2,0.4215,Sun Mar 11 23:58:43 +0000 2018,0.106,0.664,0.23,3,@CNN,"JUST IN: The White House unveils new gun and school safety proposals, including hardening security, background chec‚Ä¶ https://t.co/iGHZT9nZAQ"
3,0.3612,Sun Mar 11 23:45:04 +0000 2018,0.0,0.821,0.179,4,@CNN,"Join CNN‚Äôs group in the #MarchMadness Bracket Challenge to see how you stack up against @wolfblitzer, @brookebcnn,‚Ä¶ https://t.co/Mus3MoyUKl"
4,-0.1027,Sun Mar 11 23:30:15 +0000 2018,0.104,0.896,0.0,5,@CNN,President Trump hits EU on trade days after imposing new tariffs https://t.co/J9jZUVayuz https://t.co/lh6l1STK0q
5,0.7351,Sun Mar 11 23:15:07 +0000 2018,0.0,0.733,0.267,6,@CNN,Warren Buffett has promised $1 million a year for life to the Berkshire Hathaway employee who picks a perfect brack‚Ä¶ https://t.co/e9QUrDgVAU
6,0.3612,Sun Mar 11 23:00:13 +0000 2018,0.0,0.884,0.116,7,@CNN,Are you ready for Oprah Winfrey? The countdown is on. Tune in for her interview with @VanJones68 on The‚Ä¶ https://t.co/1e5VNibLMW
7,0.0,Sun Mar 11 22:45:06 +0000 2018,0.0,1.0,0.0,8,@CNN,Take a look at the week in politics https://t.co/8UCIFHzvaL https://t.co/nuQdD2Lo3Y
8,0.0258,Sun Mar 11 22:30:12 +0000 2018,0.086,0.823,0.091,9,@CNN,"""The fact that they were creating this national march to say, 'enough.' ... what it takes to risk that on a nationa‚Ä¶ https://t.co/OZykI3r4cU"
9,0.0,Sun Mar 11 22:15:07 +0000 2018,0.0,1.0,0.0,10,@CNN,President Trump says the person he most wants to run against in 2020 is Oprah https://t.co/TThb2WDIm0 https://t.co/4yUB269pjG
10,0.2732,Sun Mar 11 22:00:37 +0000 2018,0.0,0.896,0.104,11,@CNN,You know their name. But how well do you know your Kennedy trivia? #TheKennedys premieres tonight at 9p. https://t.co/3YRwzmSy7U
11,-0.6486,Sun Mar 11 21:45:06 +0000 2018,0.249,0.751,0.0,12,@CNN,"In California, a 15-hour standoff that left 1 officer dead started with a car chase https://t.co/zrHSHjn8K2 https://t.co/ajJH4ADUMC"
12,0.0,Sun Mar 11 21:30:39 +0000 2018,0.0,1.0,0.0,13,@CNN,"""Do not spend all your time talking about your opponents."" Oprah has some advice for anyone who runs for president‚Ä¶ https://t.co/YCsne8112s"
13,-0.25,Sun Mar 11 21:15:05 +0000 2018,0.2,0.8,0.0,14,@CNN,Socialism with Chinese characteristics? Beijing's propaganda explained https://t.co/Cx54QwIl0B https://t.co/E5YlfDmL6a
14,0.0,Sun Mar 11 21:00:13 +0000 2018,0.0,1.0,0.0,15,@CNN,Hong Kong elects new lawmakers as city faces decades of Xi Jinping rule https://t.co/3emq2iUe2y https://t.co/jYEBTnCOdj
15,-0.5106,Sun Mar 11 20:45:06 +0000 2018,0.381,0.619,0.0,16,@CNN,President Trump blames diplomatic shortages on Democrats https://t.co/ejID8n95K5 https://t.co/IgpNWHjcSO
16,0.3612,Sun Mar 11 20:30:07 +0000 2018,0.0,0.898,0.102,17,@CNN,"""I wake up in the morning, and the first thing I say is 'thank you,'"" Oprah Winfrey tells CNN's Van Jones. Watch he‚Ä¶ https://t.co/nRcua0cyiR"
17,-0.6705,Sun Mar 11 20:15:09 +0000 2018,0.314,0.686,0.0,18,@CNN,"Sen. Mark Warner says the US is ""woefully unprepared"" for cyber threats https://t.co/KjebUo8zDU https://t.co/kD0Zb0Xy0q"
18,0.4939,Sun Mar 11 20:00:08 +0000 2018,0.0,0.849,0.151,19,@CNN,The section of a Baltimore park that once hosted Confederate monuments has been renamed in honor of abolitionist Ha‚Ä¶ https://t.co/Fkaa1bx6qm
19,0.1027,Sun Mar 11 19:52:47 +0000 2018,0.119,0.743,0.139,20,@CNN,JUST IN: The White House is expected to unveil gun and school safety proposals Sunday https://t.co/h9ucmXTEwu https://t.co/zkpIB85soc
20,-0.3182,Sun Mar 11 19:45:06 +0000 2018,0.173,0.827,0.0,21,@CNN,"Victims of California veterans home shooting lived ""to serve others"" https://t.co/dMh3ZInjTJ https://t.co/kKBTBjUYJ6"
21,0.0,Sun Mar 11 19:30:43 +0000 2018,0.0,1.0,0.0,22,@CNN,"""I would only speak if I felt that I could be heard."" TV legend and philanthropist Oprah Winfrey discusses what she‚Ä¶ https://t.co/KGzQSdTKO1"
22,0.25,Sun Mar 11 19:15:08 +0000 2018,0.109,0.729,0.161,23,@CNN,"President Trump questions Rep. Maxine Waters' intelligence again, says she is ""a low IQ individual""‚Ä¶ https://t.co/dNNeikovUO"
23,-0.7506,Sun Mar 11 19:00:13 +0000 2018,0.39,0.61,0.0,24,@CNN,"When tragedy struck, athletes stepped up for a Florida high school https://t.co/nLTbM2hGht https://t.co/1ifqi4Vxqz"
24,0.0772,Sun Mar 11 18:45:04 +0000 2018,0.0,0.902,0.098,25,@CNN,China clears way for President Xi Jinping to rule for life https://t.co/GXHecoZM5L https://t.co/yPQhBmscRH
25,-0.5095,Sun Mar 11 18:30:14 +0000 2018,0.215,0.785,0.0,26,@CNN,The 64 most outrageous lines from President Trump's untethered Pennsylvania speech https://t.co/r3vR1XPK4D https://t.co/sLolInfQqS
26,0.0,Sun Mar 11 18:15:13 +0000 2018,0.0,1.0,0.0,27,@CNN,"""Saturday Night Live"" parodied the season finale of ""The Bachelor"" in its cold open, but rather than a couple break‚Ä¶ https://t.co/Tlomm97PAZ"
27,0.128,Sun Mar 11 18:00:14 +0000 2018,0.0,0.919,0.081,28,@CNN,"Here's the methodology behind CNN's exclusive story, ""The more opioids doctors prescribe, the more money they make""‚Ä¶ https://t.co/6Holhn9uKu"
28,0.0258,Sun Mar 11 17:45:07 +0000 2018,0.106,0.784,0.11,29,@CNN,"Barack Obama's faith in US democracy made him blind to what would come, writes Julian Zelizer, as he and seven hist‚Ä¶ https://t.co/FTxT16oh8x"
29,0.128,Sun Mar 11 17:30:04 +0000 2018,0.0,0.897,0.103,30,@CNN,"CNN Exclusive: The more opioids doctors prescribe, the more money they make https://t.co/eAXuBJ1diw https://t.co/gcrT4jfpiU"
30,0.0,Sun Mar 11 17:15:06 +0000 2018,0.0,1.0,0.0,31,@CNN,Wall Street is still trying to figure out which President Trump it'll get https://t.co/CYmOnyOIZW https://t.co/fFPsFhDTEu
31,0.0,Sun Mar 11 17:01:09 +0000 2018,0.0,1.0,0.0,32,@CNN,"The papacy has ruled for 2,000 years. Now go back to the beginning of the Pope‚Äôs rise to power. #Pope premieres ton‚Ä¶ https://t.co/gI3SrvhHav"
32,0.4019,Sun Mar 11 16:45:10 +0000 2018,0.0,0.828,0.172,33,@CNN,"President Trump brags about his party's ""5-0"" record in House special elections https://t.co/vPSCfNDYeF https://t.co/imHxAcVfCB"
33,0.0,Sun Mar 11 16:30:07 +0000 2018,0.0,1.0,0.0,34,@CNN,Northeast prepares for its 3rd winter storm in the past 10 days https://t.co/JoTRQetMZY https://t.co/Jc6CQmUv7G
34,-0.4215,Sun Mar 11 16:16:06 +0000 2018,0.128,0.872,0.0,35,@CNN,"""Frankly, I just don't see how any senator can vote to weaken the regulations on Wall Street banks."" Democratic Sen‚Ä¶ https://t.co/UElyMlyCl7"
35,0.0,Sun Mar 11 16:00:11 +0000 2018,0.0,1.0,0.0,36,@CNN,Customers of a restaurant and a pub in the UK have been urged to wash their clothes as a precaution after traces of‚Ä¶ https://t.co/D6mdjVheg6
36,-0.6486,Sun Mar 11 15:45:52 +0000 2018,0.187,0.813,0.0,37,@CNN,"""We can't do what we did with Iran and let off the pressure and then just watch the behavior go in the wrong direct‚Ä¶ https://t.co/Z8knp3MEam"
37,-0.6124,Sun Mar 11 15:30:12 +0000 2018,0.325,0.6,0.075,38,@CNN,"US Defense Secretary James Mattis warns Syria against using chemical weapons, doubts Russian missile claims‚Ä¶ https://t.co/SS2g8Prnq1"
38,0.2187,Sun Mar 11 15:00:15 +0000 2018,0.095,0.774,0.13,39,@CNN,"66% of Millennials have nothing saved for retirement, a new report shows. Of those who do save, most have less than‚Ä¶ https://t.co/LV5n4lhDKy"
39,0.4215,Sun Mar 11 14:45:03 +0000 2018,0.0,0.859,0.141,40,@CNN,Video games do not teach people to become shooters in real life | By Lindsay Grace via @CNNOpinion‚Ä¶ https://t.co/To5tJkefdd
40,0.0,Sun Mar 11 14:30:10 +0000 2018,0.0,1.0,0.0,41,@CNN,"Local law says that ""every head of household residing in the city limits is required to maintain a firearm"" in Kenn‚Ä¶ https://t.co/Nf0Lm30jOd"
41,-0.2732,Sun Mar 11 14:15:07 +0000 2018,0.139,0.861,0.0,42,@CNN,11 tax deductions and other ways to cut your 2017 tax bill https://t.co/jq7skCHDUf https://t.co/EJkXr8jlW9
42,-0.3007,Sun Mar 11 14:03:27 +0000 2018,0.092,0.908,0.0,43,@CNN,"Oprah says she's ""not running for office,""  but her advice for someone who might is ""do not give your energy to the‚Ä¶ https://t.co/n2iTxgYjrl"
43,-0.2732,Sun Mar 11 14:01:04 +0000 2018,0.139,0.861,0.0,44,@CNN,11 tax deductions and other ways to cut your 2017 tax bill https://t.co/QQ1nZJEfRJ https://t.co/D2DABt7h1W
44,-0.34,Sun Mar 11 13:31:02 +0000 2018,0.167,0.726,0.107,45,@CNN,"Anthony C. Acevedo, the first Mexican-American to register as a Holocaust survivor, was a World War II medic and on‚Ä¶ https://t.co/IQ14hNQBWr"
45,0.0,Sun Mar 11 13:28:03 +0000 2018,0.0,1.0,0.0,46,@CNN,Sen. Elizabeth Warren: ‚ÄúI am not running for president in 2020‚Äù https://t.co/0dy8gxtdRw https://t.co/M99yjYnqvR
46,-0.2475,Sun Mar 11 13:22:14 +0000 2018,0.127,0.745,0.128,47,@CNN,"Sen. Elizabeth Warren: ""I want the President to succeed ‚Ä¶ but I am very worried he is going to go into these negoti‚Ä¶ https://t.co/Q3DQPYof0Y"
47,0.5095,Sun Mar 11 13:20:57 +0000 2018,0.0,0.845,0.155,48,@CNN,"Sen. Elizabeth Warren: ""I am very glad to see this administration move toward a diplomatic approach to North Korea‚Äù‚Ä¶ https://t.co/bFt8iWwzKq"
48,0.2716,Sun Mar 11 13:14:35 +0000 2018,0.0,0.896,0.104,49,@CNN,"GOP Sen. Ron Johnson of Wisconsin: ‚ÄúIt‚Äôs just incredibly important to, I would say, ratchet up the sanctions agains‚Ä¶ https://t.co/9tuearvy9f"
49,0.0,Sun Mar 11 13:01:02 +0000 2018,0.0,1.0,0.0,50,@CNN,This photographer snaps cancer-stricken kids as superheroes https://t.co/bRrWqqIk7r https://t.co/5MFEqEFbMw
50,0.0,Sun Mar 11 12:31:03 +0000 2018,0.0,1.0,0.0,51,@CNN,"Barbie unveiled dolls based on real-life figures including Amelia Earhart, Frida Kahlo, Katherine Johnson and Chloe‚Ä¶ https://t.co/Ss8N6WEbY4"
51,0.2187,Sun Mar 11 12:01:04 +0000 2018,0.095,0.774,0.13,52,@CNN,"66% of Millennials have nothing saved for retirement, a new report shows. Of those who do save, most have less than‚Ä¶ https://t.co/3MB6jMLDON"
52,0.7003,Sun Mar 11 11:31:07 +0000 2018,0.0,0.674,0.326,53,@CNN,"Inspired by her travels, this artist paints stunning pictures on tea bags https://t.co/O8piOHSRFL https://t.co/HZSii2dacL"
53,0.0,Sun Mar 11 11:01:05 +0000 2018,0.0,1.0,0.0,54,@CNN,"Local law says that ""every head of household residing in the city limits is required to maintain a firearm"" in Kenn‚Ä¶ https://t.co/2R3nT6dWU7"
54,0.0,Sun Mar 11 10:31:02 +0000 2018,0.0,1.0,0.0,55,@CNN,"""They could divorce. They could own property. They had many rights that women in subsequent civilizations didn't ha‚Ä¶ https://t.co/5897yT64XL"
55,-0.0762,Sun Mar 11 10:01:02 +0000 2018,0.075,0.925,0.0,56,@CNN,"These high-performance cars, which are priced in the millions, can't be legally driven on public roads‚Ä¶ https://t.co/xF15GOjWIb"
56,-0.4588,Sun Mar 11 09:31:04 +0000 2018,0.211,0.789,0.0,57,@CNN,"""Dumpster fire"" is in the Merriam-Webster dictionary now, defined as ""an utterly calamitous or mismanaged situation‚Ä¶ https://t.co/oMS9hLU8Lx"
57,0.0,Sun Mar 11 09:01:05 +0000 2018,0.0,1.0,0.0,58,@CNN,"Child marriage is declining, a new UNICEF report says - but 12 million girls are still married in childhood every y‚Ä¶ https://t.co/DAUZ1yVebf"
58,-0.5994,Sun Mar 11 08:31:04 +0000 2018,0.163,0.837,0.0,59,@CNN,"Scientists unravel the mystery of the Roman ""gate to hell,"" which was thought to belch a ""breath of death"" that cau‚Ä¶ https://t.co/WJbHlsGepb"
59,0.34,Sun Mar 11 08:30:48 +0000 2018,0.0,0.854,0.146,60,@CNN,"China's largely ceremonial parliament endorses a constitutional amendment, paving the way for President Xi Jinping‚Ä¶ https://t.co/RCTC01CJUz"
60,0.3818,Sun Mar 11 08:15:05 +0000 2018,0.0,0.898,0.102,61,@CNN,"Find out who and what is making big waves in the worlds of tech, media and innovation. Sign up for PACIFIC, CNN‚Äôs n‚Ä¶ https://t.co/V8Ln7DhjHo"
61,0.0,Sun Mar 11 08:01:03 +0000 2018,0.0,1.0,0.0,62,@CNN,Facebook robots may one day follow you around at home https://t.co/urKEOzSzgF https://t.co/t1dARIPBBS
62,-0.4767,Sun Mar 11 07:31:03 +0000 2018,0.171,0.829,0.0,63,@CNN,"Fake news travels at a markedly faster rate on Twitter than accurate information, a new study finds‚Ä¶ https://t.co/kpbDwphXbN"
63,0.0,Sun Mar 11 07:01:03 +0000 2018,0.0,1.0,0.0,64,@CNN,Uber says it has started using self-driving trucks to haul freight in Arizona https://t.co/r5bQPtepzj https://t.co/Fdxg8DUHHI
64,0.0,Sun Mar 11 06:59:06 +0000 2018,0.0,1.0,0.0,65,@CNN,Former White House press secretary Jay Carney says the role he once held has become unrecognizable under President‚Ä¶ https://t.co/K3qLcWnL4R
65,0.0,Sun Mar 11 06:30:08 +0000 2018,0.0,1.0,0.0,66,@CNN,"""Black Panther"" to cross $1 billion worldwide in less than a month https://t.co/wJzaL36egw https://t.co/4uiuQSt2CG"
66,0.0772,Sun Mar 11 06:01:04 +0000 2018,0.0,0.939,0.061,67,@CNN,"Over 1.3 million live animals and plants, and a similar number of animal skins, have been exported from Africa to A‚Ä¶ https://t.co/fHImyRVV9l"
67,0.0,Sun Mar 11 05:46:00 +0000 2018,0.0,1.0,0.0,68,@CNN,NASA spacecraft Juno has collected new data on its mission to Jupiter revealing some of the swirling inner mysterie‚Ä¶ https://t.co/Tm73ZWcpn9
68,0.0,Sun Mar 11 05:31:05 +0000 2018,0.0,1.0,0.0,69,@CNN,Bones found on a remote Pacific island almost eight decades ago likely are those of pioneering pilot Amelia Earhart‚Ä¶ https://t.co/MtqRDZ4kgB
69,0.25,Sun Mar 11 05:16:00 +0000 2018,0.0,0.9,0.1,70,@CNN,"Russian internet trolls created an anti-Hillary Clinton video game called ""Hilltendo"" and tried to make it go viral‚Ä¶ https://t.co/aRZHkrFLDL"
70,0.0,Sun Mar 11 05:00:06 +0000 2018,0.0,1.0,0.0,71,@CNN,"President Trump is looking at adding impeachment lawyer to the White House team, The New York Times reports‚Ä¶ https://t.co/clGPoY680u"
71,-0.3818,Sun Mar 11 04:30:06 +0000 2018,0.167,0.833,0.0,72,@CNN,"US Attorney General Jeff Sessions says judges blocking President Trump's policies is ""unconstitutional""‚Ä¶ https://t.co/6FPpSHLqpd"
72,0.5434,Sun Mar 11 04:00:08 +0000 2018,0.0,0.82,0.18,73,@CNN,"""A Wrinkle in Time"" breaks through with a new kind of heroism, writes Van Jones for @CNNOpinion‚Ä¶ https://t.co/nHKWj0zLmn"
73,0.1779,Sun Mar 11 03:30:11 +0000 2018,0.127,0.711,0.162,74,@CNN,"Washington, save partisan fighting for actual partisan issues ‚Äî not DACA, writes Fernand Fernandez for @CNNOpinion‚Ä¶ https://t.co/PkLyK4GUMq"
74,-0.296,Sun Mar 11 03:00:07 +0000 2018,0.104,0.896,0.0,75,@CNN,"The CEO of dating app Bumble says she pays no mind to Tinder, her biggest competitor and former employer‚Ä¶ https://t.co/vOQrSvoZoV"
75,-0.4215,Sun Mar 11 02:30:03 +0000 2018,0.237,0.763,0.0,76,@CNN,US worries over China's expanding role in Africa https://t.co/JdQ485Nc35 https://t.co/HoPZkfx31V
76,0.2263,Sun Mar 11 02:01:39 +0000 2018,0.186,0.595,0.219,77,@CNN,Oprah says she was inspired to help the Florida school shooting survivors fight for gun control because their dedic‚Ä¶ https://t.co/SHC9psBXC6
77,0.0258,Sun Mar 11 01:37:14 +0000 2018,0.204,0.584,0.212,78,@CNN,"President Trump appears to mock ""presidential"" behavior: ""That's easy"" https://t.co/zvDdpiNUy1"
78,0.0,Sun Mar 11 01:30:08 +0000 2018,0.0,1.0,0.0,79,@CNN,US Secretary of State Rex Tillerson will resume his normal schedule Sunday after canceling his Saturday schedule of‚Ä¶ https://t.co/8g4GLb4WHv
79,-0.6705,Sun Mar 11 01:28:25 +0000 2018,0.262,0.646,0.091,80,@CNN,"President Trump discusses the death penalty for drug dealers: ""I don't think we should play games ... These people‚Ä¶ https://t.co/yZwcNUrreM"
80,0.0,Sun Mar 11 01:15:30 +0000 2018,0.0,1.0,0.0,81,@CNN,"President Trump responds to chants of ""Build the wall"" at a rally in Pennsylvania: ""We are building the wall, 100%"" https://t.co/Oy2HVMcGjp"
81,0.4404,Sun Mar 11 01:00:18 +0000 2018,0.0,0.805,0.195,82,@CNN,Ireland seals Six Nations Championship title with four-try victory over Scotland https://t.co/uvZ1EZ067i https://t.co/AL5mTXS040
82,-0.5096,Sun Mar 11 00:58:33 +0000 2018,0.23,0.77,0.0,83,@CNN,"President Trump: Even President Ronald Reagan ""was not great"" on trade https://t.co/UETvww4jNW"
83,0.0,Sun Mar 11 00:46:34 +0000 2018,0.0,1.0,0.0,84,@CNN,"President Trump announces his 2020 campaign slogan: ""Keep America Great!"" https://t.co/hKeK7AB2h6"
84,0.6369,Sun Mar 11 00:39:31 +0000 2018,0.0,0.741,0.259,85,@CNN,"President Trump: ""I'd love to beat Oprah"" in the 2020 presidential election https://t.co/t30yRIq0zd"
85,0.296,Sun Mar 11 00:30:04 +0000 2018,0.0,0.855,0.145,86,@CNN,Turkish court frees 2 journalists on bail in trial of Cumhuriyet opposition paper https://t.co/Un1EUty2p6 https://t.co/mEJQZ19oc5
86,0.0,Sun Mar 11 00:26:45 +0000 2018,0.0,1.0,0.0,87,@CNN,"President Trump hits his predecessors on North Korea: ""They had their shot and all they did was nothing"" https://t.co/CIkhp64uW2"
87,0.0,Sun Mar 11 00:20:39 +0000 2018,0.0,1.0,0.0,88,@CNN,"President Trump on negotiations with North Korea: ""This should have been handled, by the way, over the last 30 year‚Ä¶ https://t.co/dKCUO0NRzD"
88,0.3818,Sun Mar 11 00:14:02 +0000 2018,0.056,0.808,0.136,89,@CNN,President Trump touts his new steel and aluminum tariffs during a rally for Pennsylvania GOP special election candi‚Ä¶ https://t.co/Q3E8P3zFBy
89,0.7906,Sun Mar 11 00:00:06 +0000 2018,0.0,0.611,0.389,90,@CNN,Will Supreme Court Justice Anthony Kennedy retire and be Republicans' Senate savior?https://t.co/kr6I66I97I https://t.co/RnI7IY8i3j
90,0.2732,Sat Mar 10 23:30:13 +0000 2018,0.161,0.622,0.218,91,@CNN,LGBTQ groups cry discrimination as Republican Sen. Mike Lee reintroduces religious freedom bill‚Ä¶ https://t.co/HqPsXmxcYf
91,0.4939,Sat Mar 10 23:00:19 +0000 2018,0.112,0.612,0.276,92,@CNN,President Trump's trade moves may be of no help in Pennsylvania special election https://t.co/11inyamR9f https://t.co/vJMpYrhEkU
92,0.3182,Sat Mar 10 22:45:03 +0000 2018,0.0,0.887,0.113,93,@CNN,US Secretary of State Rex Tillerson changes tune after President Trump accepts meeting with North Korean leader Kim‚Ä¶ https://t.co/kFsksZqn0u
93,0.0,Sat Mar 10 22:30:12 +0000 2018,0.0,1.0,0.0,94,@CNN,President Trump's estranged adviser Steve Bannon tells a far-right gathering in France that they should handle accu‚Ä¶ https://t.co/X2jidYv3xU
94,0.3612,Sat Mar 10 22:15:05 +0000 2018,0.0,0.828,0.172,95,@CNN,"Steven Spielberg's ""Ready Player One"" to have world premiere at SXSW https://t.co/AzahlUPzxB https://t.co/P6cND1J2cs"
95,0.0,Sat Mar 10 22:00:22 +0000 2018,0.0,1.0,0.0,96,@CNN,Attorney General Jeff Sessions tests limits of immigration powers with asylum moves https://t.co/B8AfIWFrDD https://t.co/8D4RnpFuT3
96,0.0258,Sat Mar 10 21:45:06 +0000 2018,0.318,0.359,0.323,97,@CNN,The week President Trump rewarded enemies and punished friends https://t.co/h9ZNBoxZ9q https://t.co/wgTo39OKvt
97,-0.4767,Sat Mar 10 21:30:16 +0000 2018,0.199,0.736,0.065,98,@CNN,"""The darkness is there to show you your light."" Oprah Winfrey gives advice to Americans feeling jaded amid increasi‚Ä¶ https://t.co/bNTETFcemm"
98,0.0,Sat Mar 10 21:15:07 +0000 2018,0.0,1.0,0.0,99,@CNN,Why is the US rolling back this high-return global investment? https://t.co/PHS5LIGmDj (via @CNNOpinion) https://t.co/nPp5q40N5r
99,0.6369,Sat Mar 10 21:00:53 +0000 2018,0.0,0.785,0.215,100,@CNN,Jackie Kennedy looked like a movie star on her wedding day. But it wasn‚Äôt the wedding of her dreams. Go inside‚Ä¶ https://t.co/oCzygC50Dv
100,0.6068,Sun Mar 11 21:39:32 +0000 2018,0.0,0.763,0.237,101,@BBC,"RT @bbcthree: ""I felt completely overwhelmed and amazed as soon as he was put on my chest."" https://t.co/3FOgymPjhQ"
101,0.6908,Sun Mar 11 21:22:19 +0000 2018,0.0,0.678,0.322,102,@BBC,"üé§‚ú® Catch the best performances, exclusive backstage footage and photos from #AsianNetworkLive2018 at‚Ä¶ https://t.co/nWlJnU6AX9"
102,0.3612,Sun Mar 11 21:02:37 +0000 2018,0.0,0.848,0.152,103,@BBC,"RT @BBCOne: Here's to the memories. ‚ù§Ô∏è
Thank you for watching #CallTheMidwife with us. https://t.co/G1h78O8Qya"
103,0.861,Sun Mar 11 20:00:07 +0000 2018,0.0,0.57,0.43,104,@BBC,"Join host @TessDaly for a very special event honouring one of this country's biggest and best-loved entertainers, S‚Ä¶ https://t.co/Cym8TQlXhE"
104,0.765,Sun Mar 11 19:54:20 +0000 2018,0.048,0.662,0.29,105,@BBC,"RT @bbcouch: ‚ÄòI couldn‚Äôt reach Millie in her toughest year‚Äô

@knight_millie may be celebrating her second silver medal at the Winter Paraly‚Ä¶"
105,0.296,Sun Mar 11 19:52:28 +0000 2018,0.097,0.767,0.137,106,@BBC,RT @bbcsoutheast: It‚Äôs with great sadness we have to report that our sports reporter Neil Bell passed away in the early hours of Sunday mor‚Ä¶
106,0.4939,Sun Mar 11 19:51:36 +0000 2018,0.0,0.868,0.132,107,@BBC,RT @BBCBreakfast: Mary Beard's documentaries about the Romans have brought their ancient world to life - now she's turning her hand to the‚Ä¶
107,-0.7481,Sun Mar 11 19:51:25 +0000 2018,0.285,0.715,0.0,108,@BBC,"RT @BBCiPlayer: I will not allow that man...that nobody...to kill my brother twice. #ACSVersace, now on BBC iPlayer: https://t.co/M1ixQKBH3‚Ä¶"
108,0.0,Sun Mar 11 19:51:12 +0000 2018,0.0,1.0,0.0,109,@BBC,RT @BBCOne: Mums have to put up with some right rubbish. https://t.co/mN7f23pPub
109,0.0,Sun Mar 11 19:50:11 +0000 2018,0.0,1.0,0.0,110,@BBC,RT @BBCSpringwatch: Actual Mother's Day sibling selfie üòòüë©‚Äçüëß‚Äçüë¶  #selfie #mothersday #motheringsunday #sunday #winterwatch #wildlife #littleo‚Ä¶
110,0.0,Sun Mar 11 19:49:56 +0000 2018,0.0,1.0,0.0,111,@BBC,RT @cbbc: Tanya Muzinda is on a mission to conquer the motocross world. Follow her story Monday 5.30pm üèçÔ∏èüí™ https://t.co/Z9w1GJZS45
111,-0.5994,Sun Mar 11 19:00:03 +0000 2018,0.163,0.837,0.0,112,@BBC,"'That was the end of my childhood.'

üíîMoney saving expert @MartinSLewis opens up about the death of his mum, three‚Ä¶ https://t.co/zFdD7gDBmH"
112,0.2263,Sun Mar 11 18:00:15 +0000 2018,0.213,0.435,0.353,113,@BBC,‚ù§Ô∏è These creations are helping to comfort children during their cancer treatment. https://t.co/qque7xnzNx
113,0.3818,Sun Mar 11 17:02:03 +0000 2018,0.0,0.794,0.206,114,@BBC,üêë Ewe won't believe how this farmer revives frozen little lambs.  https://t.co/z1UvoIiRXY
114,0.0,Sun Mar 11 16:55:19 +0000 2018,0.0,1.0,0.0,115,@BBC,"RT @BBCMOTD: John Motson in his element during his last ever LIVE commentary (would you believe it?!)
50 years as a commentatorüéô
10 World C‚Ä¶"
115,0.0,Sun Mar 11 16:00:04 +0000 2018,0.0,1.0,0.0,116,@BBC,"By 2050, 30-50% of all species could be heading towards extinction. https://t.co/2TYrhIiBIw"
116,0.0,Sun Mar 11 15:01:05 +0000 2018,0.0,1.0,0.0,117,@BBC,üóëüöÄ Tomorrow‚Äôs space scientists will have to deal with a monumental amount of space junk left from previous spacecra‚Ä¶ https://t.co/IJTpc5TBsd
117,0.0,Sun Mar 11 14:43:09 +0000 2018,0.0,1.0,0.0,118,@BBC,"RT @5liveSport: For the final time...

The legendary John Motson is in our commentary box üéôÔ∏è‚öΩÔ∏è

He'll be commentating on #Arsenal vs #Watfo‚Ä¶"
118,-0.0772,Sun Mar 11 14:00:04 +0000 2018,0.284,0.459,0.257,119,@BBC,Making fake videos just got easier. https://t.co/VSP9bwHVNZ
119,-0.5267,Sun Mar 11 12:33:04 +0000 2018,0.145,0.855,0.0,120,@BBC,"Captain America teams up with Black Widow to get to the bottom of a conspiracy. üî•üí™üá∫üá∏

Captain America: The Winter S‚Ä¶ https://t.co/yDWYJRUgGi"
120,0.0,Sun Mar 11 12:00:03 +0000 2018,0.0,1.0,0.0,121,@BBC,üöê Meet Om Abdullah - Egypt's first official female minibus driver. https://t.co/Z4fmE1k5ph
121,-0.2755,Sun Mar 11 11:31:52 +0000 2018,0.095,0.905,0.0,122,@BBC,"RT @BBCSport: We're not emotionally ready for this.

John Motson will deliver his final live BBC commentary today.

More detailsüëá
https://t‚Ä¶"
122,0.1326,Sun Mar 11 11:10:49 +0000 2018,0.05,0.877,0.073,123,@BBC,"RT @CBeebiesHQ: Doesn't matter if your family has:

One Mumüë©‚Äçüë¶

Two Mums üë©‚Äçüë©‚Äçüëß‚Äçüëß

A Grandmum üëµüèº

... they all want a lie-in!

#HappyMothers‚Ä¶"
123,0.7717,Sun Mar 11 10:32:04 +0000 2018,0.0,0.645,0.355,124,@BBC,"üç∞ Surprise your mum with a homemade treat this #MothersDay ‚Äì from easy cupcakes to luscious layer cakes.
üëâ‚Ä¶ https://t.co/p7n5lo2ziD"
124,-0.25,Sun Mar 11 10:24:05 +0000 2018,0.155,0.747,0.098,125,@BBC,"RT @BBCScotland: Undercover filming reveals Scotland's growing 'bag' problem.

See more from #ShortStuff -  https://t.co/orhxUmskEd 

#come‚Ä¶"
125,0.0,Sun Mar 11 10:05:01 +0000 2018,0.0,1.0,0.0,126,@BBC,üê∑ Blossom the pig can sit on command! https://t.co/mRGtuk0zqh
126,0.6808,Sun Mar 11 10:02:15 +0000 2018,0.0,0.789,0.211,127,@BBC,"RT @BBC6Music: üéÇ 6 Music launched 16 years ago today. 

When you turned 16, which album did you think was a masterpiece? Do you still love‚Ä¶"
127,0.0,Sun Mar 11 09:38:23 +0000 2018,0.0,1.0,0.0,128,@BBC,"RT @1Xtra: The new breed a dancehall artist @thebellablair performs for @davidrodigan #1XtraJamaica 

üì∫‚ñ∂ https://t.co/MrnHDz2ZyL https://t.‚Ä¶"
128,0.7847,Sun Mar 11 09:35:38 +0000 2018,0.0,0.743,0.257,129,@BBC,"RT @BBCRadio3: ""To my first Love, my Mother, on whose knee
I learnt love-lore that is not troublesome""
Christina Rossetti's 'Sonnets are fu‚Ä¶"
129,0.5803,Sun Mar 11 09:33:16 +0000 2018,0.0,0.869,0.131,130,@BBC,RT @TWBBC: Fry-up anyone?  üå≠ü•ìüç≥ Did you know just 1.5 sausages could reduce your lifespan by 30 minutes? But 2-3 cups of coffee could gain y‚Ä¶
130,0.0,Sun Mar 11 09:30:10 +0000 2018,0.0,1.0,0.0,131,@BBC,During the Middle Ages the custom developed of allowing people who had moved away to return and visit their mothers‚Ä¶ https://t.co/UQD2ySeRH4
131,0.0,Sun Mar 11 08:32:02 +0000 2018,0.0,1.0,0.0,132,@BBC,üé§üé∂ Singing is for everyone... even if you can't sing. https://t.co/eVIdGhswUT
132,0.8176,Sun Mar 11 08:02:00 +0000 2018,0.0,0.737,0.263,133,@BBC,"‚ù§Ô∏è Happy #MothersDay to all of the amazing mums out there, the mums-to-be and the mums who live on in our hearts.‚Ä¶ https://t.co/v9yrzvfhqO"
133,0.784,Sun Mar 11 08:00:48 +0000 2018,0.0,0.734,0.266,134,@BBC,"RT @BBCWales: üíê What better way to say Happy Mother's Day than with a marvellous marshmallow bouquet! üíê

üç° Let little hands tackle this tas‚Ä¶"
134,0.765,Sun Mar 11 07:49:57 +0000 2018,0.0,0.602,0.398,135,@BBC,RT @BBCTwo: Celebrate #MothersDay with the #Motherland guide to good parenting... üòÇ https://t.co/GMZLEfWuaF
135,0.4019,Sun Mar 11 02:07:01 +0000 2018,0.0,0.838,0.162,136,@BBC,"RT @bbcasiannetwork: üéáThe Desi party don't start until you've heard @jennyjohalmusic singing 'Narma'  üéá 
#AsianNetworkLive https://t.co/lah‚Ä¶"
136,0.6783,Sat Mar 10 20:43:01 +0000 2018,0.0,0.828,0.172,137,@BBC,"RT @BBCRadio2: She did it! Over 300 miles cycled. Over ¬£500,000 raised so far for @SportRelief.

@ZoeTheBall, we are so proud! üëè

Donate to‚Ä¶"
137,-0.4019,Sat Mar 10 20:41:35 +0000 2018,0.137,0.863,0.0,138,@BBC,"RT @BBCTwo: A shocking moment in history that changed the fashion world forever.

#ACSVersace continues Wednesday, 9pm, @BBCTwo. https://t.‚Ä¶"
138,0.4588,Sat Mar 10 20:40:14 +0000 2018,0.0,0.842,0.158,139,@BBC,"RT @BBCWales: Meet YouTube superstar @Gonth93

üí∞ Welcome to the world of #YoungWelshPrettyMinted üí∞

Tonight, 10.35pm - @BBCOne Wales
Availa‚Ä¶"
139,0.4605,Sat Mar 10 20:28:00 +0000 2018,0.155,0.552,0.293,140,@BBC,"RT @bbcrb: This. Is. So. Cute! üòç
Who wouldn't love a tiny meal like this! ü§§ü•ò https://t.co/73t4rhbopo"
140,0.6588,Sat Mar 10 20:27:17 +0000 2018,0.0,0.785,0.215,141,@BBC,"RT @BBCScotland: Cathy's been having a great time at the spa! üáßüá∑

Watch #TwoDoorsDown on @BBCiPlayer - https://t.co/JgbkHFXufb https://t.co‚Ä¶"
141,0.4106,Sat Mar 10 20:25:58 +0000 2018,0.0,0.82,0.18,142,@BBC,"RT @bbcasiannetwork: üé§ Don't miss a single bit of #AsianNetworkLiveüé∂ 
Here's how to make sure you catch ALL the action üëâ¬†https://t.co/AZIif‚Ä¶"
142,-0.8316,Sat Mar 10 20:24:22 +0000 2018,0.281,0.719,0.0,143,@BBC,RT @BBCiPlayer: Police officer Kris was left paralysed after being hit by a van in the Westminster bridge terrorist attack. Seven months la‚Ä¶
143,0.5267,Sat Mar 10 20:24:07 +0000 2018,0.0,0.815,0.185,144,@BBC,"RT @BBCSport: Ireland have been crowned Six Nations champions with a match to spare.

https://t.co/YFyOxSY0Tp #SixNations https://t.co/K34r‚Ä¶"
144,0.0,Sat Mar 10 18:11:11 +0000 2018,0.0,1.0,0.0,145,@BBC,"RT @bbcasiannetwork: üí•#AsianNetworkLive is taking over the airwaves tonight!
Catch all the action from
üî¥ 6pm on @bbcasiannetwork
üî¥ 7pm on @‚Ä¶"
145,0.0,Sat Mar 10 18:10:57 +0000 2018,0.0,1.0,0.0,146,@BBC,"RT @bbcasiannetwork: Which #AsianNetworkLive performance can't you wait for? ü§© 
üé§ @jaysean
üé§ @JasmineSandlas
üé§ @lottoboyzz_
üé§ @omgAdamSaleh‚Ä¶"
146,0.0,Sat Mar 10 18:00:13 +0000 2018,0.0,1.0,0.0,147,@BBC,üêÆü•õ Glass from the past. https://t.co/stRtHiAGGI
147,0.0,Sat Mar 10 17:00:18 +0000 2018,0.0,1.0,0.0,148,@BBC,"üì∏‚ù§Ô∏è A different portrait of black fatherhood. 
üëâ https://t.co/SX1Lbqsss0 https://t.co/WQnNbAfIYK"
148,-0.7783,Sat Mar 10 16:30:07 +0000 2018,0.63,0.37,0.0,149,@BBC,Have we got depression wrong? https://t.co/yFPp67xmxe
149,0.8805,Sat Mar 10 15:59:11 +0000 2018,0.0,0.596,0.404,150,@BBC,"RT @mixital: Enjoying @BBCOne‚Äôs Troy? 

Join our new creative challenge &amp; create your own #Troy art! Grab images from our website, make the‚Ä¶"
150,-0.5411,Sat Mar 10 15:53:39 +0000 2018,0.127,0.873,0.0,151,@BBC,"RT @BBCWales: 'Feel the fear and do it anyway'

That's Dilys's motto, and she's the @GWR holder for the Oldest Woman Skydiver in the world!‚Ä¶"
151,0.1511,Sat Mar 10 15:32:03 +0000 2018,0.0,0.91,0.09,152,@BBC,"ü§ñüò± The robots are coming! 

And this time they want to design and assemble your furniture. üòÑ https://t.co/naCu7LJ0Mf"
152,-0.3818,Sat Mar 10 15:00:05 +0000 2018,0.11,0.89,0.0,153,@BBC,‚ù§Ô∏èüêø The pine marten has emerged as an unlikely ally for the beleaguered native red squirrel in its battle with the‚Ä¶ https://t.co/aaJ1XuLJ78
153,0.0,Sat Mar 10 14:00:08 +0000 2018,0.0,1.0,0.0,154,@BBC,üç¥ Do you know how many calories were in your lunch?https://t.co/ouomQAA92I
154,-0.5859,Sat Mar 10 13:14:03 +0000 2018,0.231,0.769,0.0,155,@BBC,"Hindered by short-term memory loss, a man struggles to piece his life back together after his wife's murder.‚Ä¶ https://t.co/IDASykaROO"
155,-0.4588,Sat Mar 10 13:00:04 +0000 2018,0.75,0.25,0.0,156,@BBC,"Heartbreaking. 
https://t.co/W8GJNKq8rm"
156,0.4926,Sat Mar 10 13:00:03 +0000 2018,0.0,0.653,0.347,157,@BBC,üòÇüî• @GordonRamsay's daughter got him good! https://t.co/0dqwntX5uj
157,0.3724,Sat Mar 10 13:00:03 +0000 2018,0.0,0.758,0.242,158,@BBC,"‚ù§Ô∏èüò≠ We're not crying... you're crying. 
#TheSilentChild #Oscars https://t.co/ienD3dDtKX"
158,-0.5859,Sat Mar 10 13:00:03 +0000 2018,0.26,0.667,0.073,159,@BBC,üò± Baptism at this church can be a matter of life and death. https://t.co/aEsVqMUPQ2
159,0.0,Sat Mar 10 12:00:04 +0000 2018,0.0,1.0,0.0,160,@BBC,Don't look down! üò£ https://t.co/r4ChPajO4A
160,-0.3284,Sat Mar 10 11:59:24 +0000 2018,0.147,0.79,0.063,161,@BBC,"RT @BBCRadioWales: ""The pain is so severe it feels like my body wants to explode."" 

#Endometriosis is as common as asthma but it takes, on‚Ä¶"
161,-0.3256,Sat Mar 10 11:58:56 +0000 2018,0.175,0.727,0.098,162,@BBC,"RT @BBCSpringwatch: We LOVE hedgehogs, but over the last decade we have lost over 40% of our prickly neighbours üòû Billy's here to give us a‚Ä¶"
162,0.0,Sat Mar 10 11:46:40 +0000 2018,0.0,1.0,0.0,163,@BBC,"RT @bbcasiannetwork: üíÉüï∫ #AsianNetworkLive is TONIGHT! We are so excited!üíÉüï∫ 
üìª Broadcasting live from ‚ú®6pm‚ú® on Asian Network and 
‚ú®7pm‚ú® on @‚Ä¶"
163,0.0,Sat Mar 10 11:44:35 +0000 2018,0.0,1.0,0.0,164,@BBC,RT @BBCAfrica: Could Nigeria's animation houses become as big as Nollywood? #Nigeria #Animation #Yoruba #Lagos #cartoons https://t.co/3Htr9‚Ä¶
164,0.0,Sat Mar 10 11:43:36 +0000 2018,0.0,1.0,0.0,165,@BBC,RT @bbcthree: This woman is leading the #disabilibabe movement https://t.co/FlgCordJaC
165,0.5719,Sat Mar 10 11:43:31 +0000 2018,0.0,0.821,0.179,166,@BBC,RT @BBCArchive: #OnThisDay 1977: Still searching for the perfect Mother's Day present? We humbly suggest a homemade thermodynamicizer - jus‚Ä¶
166,0.8356,Sat Mar 10 11:43:23 +0000 2018,0.0,0.655,0.345,167,@BBC,"RT @bbcthesocial: Greg is 23 years old and a world piping champion. #IntoIt

Happy International Bagpipe Day! https://t.co/74f3USdg3H"
167,-0.3818,Sat Mar 10 10:56:03 +0000 2018,0.133,0.867,0.0,168,@BBC,"From boar hair toothbrushes to beeswax food wrap, here's how you can dump the disposable plastics ‚úÖ‚Ä¶ https://t.co/ydpoHWlJxA"
168,0.0,Sat Mar 10 10:00:03 +0000 2018,0.0,1.0,0.0,169,@BBC,"How is plastic affecting seabirds? 
#OurBluePlanet #BluePlanet2 https://t.co/bcvGKZjsJF"
169,0.4173,Sat Mar 10 09:00:06 +0000 2018,0.0,0.888,0.112,170,@BBC,Do you have a secret British accent? ü§îTake this quiz and we‚Äôll pinpoint which part of the UK you most sound like yo‚Ä¶ https://t.co/fiZDg5pK85
170,0.4404,Sat Mar 10 07:59:00 +0000 2018,0.0,0.756,0.244,171,@BBC,"üôå 1 year ago today the world became a better place.
#BBCdad https://t.co/Q5I70XxT7T"
171,0.0,Fri Mar 09 19:03:04 +0000 2018,0.0,1.0,0.0,172,@BBC,"A new gardening year is beginning at Longmeadow. üçÉüå∏üå±üå∑

Gardener's World | 8:30pm | @BBCTwo | https://t.co/R2ZqqlaEbQ https://t.co/A9Q43XOoxh"
172,0.5719,Fri Mar 09 18:00:10 +0000 2018,0.0,0.764,0.236,173,@BBC,üíò @MabelMcVey covering @Coldplay's 'Fix You' in the Live Lounge is just perfect. üôå https://t.co/Sk9yMymZZs
173,0.0,Fri Mar 09 17:18:55 +0000 2018,0.0,1.0,0.0,174,@BBC,"RT @bbcthesocial: Instead of a plastic straw, why not use a condom? üòè https://t.co/XBtyZHdfkb"
174,0.4939,Fri Mar 09 17:00:10 +0000 2018,0.0,0.656,0.344,175,@BBC,"Want to improve your persuasion powers? 

üòª Just watch a cat. https://t.co/vA9asFlD9g"
175,0.3818,Fri Mar 09 16:56:32 +0000 2018,0.0,0.874,0.126,176,@BBC,RT @bbcworldservice: These images of women on their period are greeting commuters in Stockholm. For more listen/download üìª: https://t.co/FL‚Ä¶
176,0.5848,Fri Mar 09 16:56:13 +0000 2018,0.0,0.807,0.193,177,@BBC,"RT @bbcwritersroom: ""I felt like a real writer by the end of it!"" 

Find out how we created 6 #Comedy monologues for @bbcasiannetwork #Asia‚Ä¶"
177,0.0,Fri Mar 09 16:53:47 +0000 2018,0.0,1.0,0.0,178,@BBC,"RT @BBCScotland: ""If there is a real live superwoman, she is it.""

Meet the surgeon who walked for eight miles in the heavy snow so she cou‚Ä¶"
178,0.0,Fri Mar 09 16:39:50 +0000 2018,0.0,1.0,0.0,179,@BBC,RT @BBCFOUR: Are we really born to prefer 'boys' or 'girls' toys? The answer might lie with monkeys... https://t.co/TPHeE7cStK
179,0.4939,Fri Mar 09 14:30:07 +0000 2018,0.0,0.842,0.158,180,@BBC,Noel and Liam Gallagher will headline @BBCRadio2's stages at the BBC's Biggest Weekend Festival in May üé§üëå‚Ä¶ https://t.co/q7YblDKT2N
180,-0.4404,Fri Mar 09 14:00:18 +0000 2018,0.178,0.822,0.0,181,@BBC,‚ôªÔ∏è The packaging industry in England has been accused of exaggerating the amount of its plastic that gets recycled.‚Ä¶ https://t.co/lHpw5rVHub
181,0.7783,Fri Mar 09 13:30:05 +0000 2018,0.0,0.672,0.328,182,@BBC,Over 80 but as healthy as a 20-year-old: How exercise in old age prevents the immune system from declining‚Ä¶ https://t.co/jABPPvkafN
182,0.0,Fri Mar 09 12:30:02 +0000 2018,0.0,1.0,0.0,183,@BBC,"It took almost a year to get to the final look of Snoke. 
#StarWars #TheLastJedi https://t.co/o6ttTvHdQy"
183,0.0,Fri Mar 09 12:13:43 +0000 2018,0.0,1.0,0.0,184,@BBC,RT @BBCWorld: Winter Paralympics opening ceremony begins in Pyeongchang https://t.co/VP4W2q1Hhe
184,0.5719,Fri Mar 09 11:51:14 +0000 2018,0.0,0.684,0.316,185,@BBC,RT @bbcthree: BBC Three presents Perfect Day #perfectday2018 https://t.co/oFgg0vJJgP
185,0.6114,Fri Mar 09 11:36:57 +0000 2018,0.0,0.637,0.363,186,@BBC,"RT @BBCR1: Happy Birthday, Suga @BTS_twt! üêªüéà‚ú® https://t.co/7Al640sBgB"
186,0.5859,Fri Mar 09 11:03:23 +0000 2018,0.0,0.863,0.137,187,@BBC,RT @bbcarts: üé∂ This is the amazing moment when eight London teenagers hear an #opera singer in the flesh for the first time. Watch the full‚Ä¶
187,0.0,Fri Mar 09 11:00:05 +0000 2018,0.0,1.0,0.0,188,@BBC,"""For the first time, we think we‚Äôre actually able to recreate real living heart tissue which is identical to that o‚Ä¶ https://t.co/kGIMWWBf4z"
188,0.0,Fri Mar 09 10:15:05 +0000 2018,0.0,1.0,0.0,189,@BBC,The #BiggestWeekend lineup just got bigger! More artists have been added to all four locations including‚Ä¶ https://t.co/5G2GqBHkHK
189,0.4389,Fri Mar 09 09:00:04 +0000 2018,0.0,0.806,0.194,190,@BBC,üêë This Lancashire farmer revives frozen lambs by sticking them inside an oven! https://t.co/z1UvoIiRXY
190,0.0,Fri Mar 09 08:30:08 +0000 2018,0.0,1.0,0.0,191,@BBC,"üåäüìù The world's oldest known message in a bottle has been found, almost 132 years after it was thrown into the sea.‚Ä¶ https://t.co/fHdTDbK2Mg"
191,0.4404,Fri Mar 09 08:00:05 +0000 2018,0.0,0.734,0.266,192,@BBC,üçã‚òïÔ∏è Fruit tea is good for you. Right...? https://t.co/YExPNJG6bE
192,0.0,Thu Mar 08 21:28:00 +0000 2018,0.0,1.0,0.0,193,@BBC,"This Ancient Egyptian pharaoh invested more in images of himself than any other ruler, and for him, size really did‚Ä¶ https://t.co/IUlHKvTATa"
193,0.4019,Thu Mar 08 20:33:04 +0000 2018,0.0,0.856,0.144,194,@BBC,"Jack Jarvis and Victor McDade are back for another hilarious six-part series. 

#StillGame | 9:30pm | @BBCOne |‚Ä¶ https://t.co/zFtd4VQyKL"
194,0.0,Thu Mar 08 20:03:04 +0000 2018,0.0,1.0,0.0,195,@BBC,"Lucy and Lee are back! üôåüéâ

#NotGoingOut | 9pm | @BBCOne | https://t.co/dUnnFaIoci https://t.co/gSpTMCPrSC"
195,0.0,Thu Mar 08 18:00:06 +0000 2018,0.0,1.0,0.0,196,@BBC,"What advice would YOU give your younger self? ü§î

#InternationalWomensDay #IWD2018 https://t.co/vIwPLtzTbO"
196,-0.1027,Thu Mar 08 17:30:11 +0000 2018,0.177,0.664,0.159,197,@BBC,"In recognition of International Women‚Äôs Day, a playlist in celebration of the funniest, saddest and most significan‚Ä¶ https://t.co/4WCrxvJxFY"
197,0.0,Thu Mar 08 17:00:09 +0000 2018,0.0,1.0,0.0,198,@BBC,"üî¨ More than half of the UK can't name a famous woman in science. 

Time to change that. 
üëâ https://t.co/3HVhvFaxaT‚Ä¶ https://t.co/KL0D1vIw8S"
198,0.5719,Thu Mar 08 16:30:05 +0000 2018,0.0,0.764,0.236,199,@BBC,"‚úçÔ∏èüôå Lotte Reiniger is the unsung heroine of early animation. 

#InternationalWomensDay #IWD2018 https://t.co/Z4qDFWXcCS"
199,0.5803,Thu Mar 08 16:05:42 +0000 2018,0.0,0.819,0.181,200,@BBC,"RT @BBCMOTD: Favourite emoji?
Champions League or World Cup?

@TekkerzKid quizzes @ManUtd striker @MarcusRashford for #BBCOwnIt.

üì∫ Check o‚Ä¶"
200,0.4926,Fri Mar 09 22:48:26 +0000 2018,0.0,0.883,0.117,201,@CBS,RT @DierksBentley: Take and post a photo of the woman in your life who inspires you daily! Use the hashtag #WomanAmenACM in your post for a‚Ä¶
201,0.1275,Fri Mar 09 22:24:20 +0000 2018,0.092,0.795,0.113,202,@CBS,"RT @MomCBS: If you missed guest star @KChenoweth in the latest episode of #Mom, not to worry! Watch now: https://t.co/RlvXoGOZ0l https://t.‚Ä¶"
202,0.4215,Fri Mar 09 21:10:21 +0000 2018,0.0,0.823,0.177,203,@CBS,"Give a round of applause to @KelseaBallerini, @MirandaLambert, @Reba, @MarenMorris, and @CarrieUnderwood, the five‚Ä¶ https://t.co/Ncp1BTXx6N"
203,0.8658,Fri Mar 09 18:27:28 +0000 2018,0.0,0.553,0.447,204,@CBS,"RT @thegoodfight: Smart, sexy, and sophisticated. See what's coming this season on #TheGoodFight. https://t.co/CuKhx2G50P https://t.co/ygTI‚Ä¶"
204,0.0,Fri Mar 09 16:02:27 +0000 2018,0.0,1.0,0.0,205,@CBS,RT @BlueBloods_CBS: Even stand-up guys fall down sometimes. #BlueBloods is new tonight at 10/9c! https://t.co/UOlDm22wWW
205,0.8625,Thu Mar 08 18:00:49 +0000 2018,0.0,0.664,0.336,206,@CBS,Today and every day we celebrate the women in our lives who empower and inspire us. Share a story about an¬†influent‚Ä¶ https://t.co/9rVtqrElvT
206,0.4926,Thu Mar 08 17:03:04 +0000 2018,0.0,0.868,0.132,207,@CBS,Take and post a photo of the woman in your life who inspires you daily! Use the hashtag #WomanAmenACM in your post‚Ä¶ https://t.co/7ShhvE48zy
207,-0.2023,Wed Mar 07 18:39:10 +0000 2018,0.23,0.619,0.15,208,@CBS,"RT @thegoodfight: Meticulously constructed. Soapy &amp; sexy. Intoxicating, savage television. üî• Here's what critics are saying about #TheGoodF‚Ä¶"
208,0.0,Wed Mar 07 17:06:02 +0000 2018,0.0,1.0,0.0,209,@CBS,"This just in! @Jason_Aldean, @mirandalambert, @LukeBryanOnline, and many more are set to perform at the 53rd Academ‚Ä¶ https://t.co/mfxw2VxzU4"
209,0.6705,Tue Mar 06 18:10:59 +0000 2018,0.0,0.756,0.244,210,@CBS,"Meet the ensemble of talented actors slated to join $1, a new mystery series coming to CBS All Access:‚Ä¶ https://t.co/QoyYv7vxwg"
210,0.3818,Mon Mar 05 22:16:43 +0000 2018,0.0,0.833,0.167,211,@CBS,"Will @Jason_Aldean, @garthbrooks, @LukeBryanOnline, @ChrisStapleton, or @KeithUrban be named Entertainer Of The Yea‚Ä¶ https://t.co/rMD8zjeX3s"
211,0.4404,Sun Mar 04 08:05:26 +0000 2018,0.0,0.884,0.116,212,@CBS,"RT @thegoodfight: It feels good to be back. üë†üíÑüî• The season 2 premiere of #TheGoodFight is now streaming, exclusively on CBS All Access: htt‚Ä¶"
212,0.0,Sat Mar 03 20:55:20 +0000 2018,0.0,1.0,0.0,213,@CBS,"RT @thegoodfight: Tomorrow, #TheGoodFight is back. Stream the season 2 premiere only on CBS All Access: https://t.co/tNFR8LBJO2 https://t.c‚Ä¶"
213,0.7096,Fri Mar 02 22:30:01 +0000 2018,0.0,0.753,0.247,214,@CBS,"Who are the trailblazing women in your life that inspire you? Join CBS and the ANA's #SeeHer initiative, celebratin‚Ä¶ https://t.co/M0KqZ41Bes"
214,0.7096,Fri Mar 02 20:30:01 +0000 2018,0.0,0.718,0.282,215,@CBS,"Join @maria_bello, @aishatyler and @TeaLeoni in celebrating the accomplishments of women who have contributed to th‚Ä¶ https://t.co/MefESBeFL3"
215,0.4939,Fri Mar 02 18:45:00 +0000 2018,0.0,0.849,0.151,216,@CBS,"In honor of Women's History Month, CBS and the Association of National Advertisers' (ANA) #SeeHer initiative will p‚Ä¶ https://t.co/2wtYxKJVuO"
216,-0.6981,Thu Mar 01 18:59:01 +0000 2018,0.21,0.79,0.0,217,@CBS,RT @ZoeListerJones: Tonight‚Äôs an all new Life In Pieces and it‚Äôs directed by my ride or die @nataliaanderson!!!‚Ä¶ https://t.co/2LPfmyLWrY
217,0.4547,Thu Mar 01 18:12:57 +0000 2018,0.092,0.749,0.159,218,@CBS,"RT @MarenMorris: Hot damn! Woke up from my post-wisdom teeth haze to find out I‚Äôm up for 4 @ACMawards ! So honored, especially for the Dear‚Ä¶"
218,0.8591,Thu Mar 01 18:11:50 +0000 2018,0.0,0.462,0.538,219,@CBS,RT @KelseaBallerini: Ohhhhh goodness. Incredible. Thank you thank you thank you. #female https://t.co/1ZTYjNfQeF
219,0.4885,Thu Mar 01 18:10:50 +0000 2018,0.151,0.615,0.234,220,@CBS,RT @KeithUrban: ACMs...... HOLY SMOKES!!!!! MAD LOVE TO U ALL THIS MORNING  FOR THESE INCREDIBLE NOMINATIONS. I‚ÄôM EXTREMELY GRATEFUL!!!!!!!‚Ä¶
220,0.5994,Thu Mar 01 14:36:21 +0000 2018,0.0,0.822,0.178,221,@CBS,"RT @ACMawards: Congratulations to this year‚Äôs #ACMawards Video of the Year nominees:
‚ÄúBlack‚Äù - @DierksBentley
‚ÄúIt Ain‚Äôt My Fault‚Äù - @Brothe‚Ä¶"
221,0.7717,Thu Mar 01 14:29:20 +0000 2018,0.0,0.675,0.325,222,@CBS,"RT @ACMawards: Please give a round of applause to this year‚Äôs #ACMawards Entertainer of the Year nominees: @Jason_Aldean, @GarthBrooks, @Lu‚Ä¶"
222,0.6908,Thu Mar 01 14:15:29 +0000 2018,0.0,0.725,0.275,223,@CBS,".@ChrisStapleton, @ThomasRhett, @mirandalambert and more are all nominated for awards at Country Music's Party of t‚Ä¶ https://t.co/Vm1vXRUDYJ"
223,0.0,Thu Mar 01 13:50:11 +0000 2018,0.0,1.0,0.0,224,@CBS,"The Queen of Country, @Reba, is returning to host the 53rd #ACMawards on Sunday, April 15 at 8/7c. Here are a few o‚Ä¶ https://t.co/Iqzz6Gql01"
224,0.0,Thu Mar 01 01:04:52 +0000 2018,0.0,1.0,0.0,225,@CBS,RT @survivorcbs: It‚Äôs time! #Survivor https://t.co/YPk6cGWrUA
225,0.0,Wed Feb 28 19:56:58 +0000 2018,0.0,1.0,0.0,226,@CBS,"RT @CBSThisMorning: TOMORROW: The nominees for the 2018 @ACMawards will be announced live by the one-and-only, @Reba! 

Watch on @CBS in ou‚Ä¶"
226,0.4404,Wed Feb 28 19:08:30 +0000 2018,0.0,0.884,0.116,227,@CBS,"RT @thegoodfight: From the set design and costumes to hair and makeup, the production quality is truly next-level. Take a peek inside the u‚Ä¶"
227,0.5562,Tue Feb 27 03:23:47 +0000 2018,0.0,0.848,0.152,228,@CBS,RT @LivinBiblically: The fun continues on Facebook! The #LivingBiblically cast is live to talk about tonight‚Äôs premiere. Tune in here: http‚Ä¶
228,0.0,Mon Feb 26 22:50:32 +0000 2018,0.0,1.0,0.0,229,@CBS,"RT @KevinCanWaitCBS: Can you get all the way through these #KevinCanWait bloopers without laughing?! @KevinJames,@LeahRemini and the rest o‚Ä¶"
229,0.0,Mon Feb 26 21:08:30 +0000 2018,0.0,1.0,0.0,230,@CBS,"RT @ACMawards: That‚Äôs right! @Reba is headed to @CBSThisMorning on Thursday, March 1 to announce this year‚Äôs #ACMAwards' nominees. Tune in‚Ä¶"
230,0.4482,Mon Feb 26 19:53:41 +0000 2018,0.0,0.895,0.105,231,@CBS,"RT @ScorpionCBS: You can't hack your way to a 197 IQ, but you are well on your way with these Genius Facts from #TeamScorpion! üíª You can be‚Ä¶"
231,0.784,Mon Feb 26 18:32:36 +0000 2018,0.0,0.734,0.266,232,@CBS,RT @SuperiorDonuts: You can always count on @DavidKoechner for a laugh! Did your favorite Tush moment make the list? Catch a new #SuperiorD‚Ä¶
232,0.9359,Mon Feb 26 18:20:16 +0000 2018,0.0,0.571,0.429,233,@CBS,RT @TheTalkCBS: TODAY: We loved them together then &amp; we love seeing them together now! Welcome back to the show @THESaraGilbert‚Äã's good fri‚Ä¶
233,-0.5423,Mon Feb 26 16:53:56 +0000 2018,0.184,0.816,0.0,234,@CBS,"RT @thegoodfight: As foundations begin to crumble, our characters struggle to make sense of this new dystopian world. The cast teases what'‚Ä¶"
234,0.0,Mon Feb 26 16:52:01 +0000 2018,0.0,1.0,0.0,235,@CBS,"#LivingBiblically's @linzkraft and @jrfergjr appeared on @KCBS's Facebook Live this morning, talking all about what‚Ä¶ https://t.co/4RebcHuuMQ"
235,0.0,Mon Feb 26 16:17:55 +0000 2018,0.0,1.0,0.0,236,@CBS,"RT @CBSSports: Introducing CBS Sports HQ, a New 24/7 Direct-to-Consumer Streaming Network for Sports News, Highlights, &amp; Analysis.

Stream‚Ä¶"
236,0.7644,Mon Feb 26 01:12:32 +0000 2018,0.0,0.769,0.231,237,@CBS,"RT @CBSBigBrother: It‚Äôs down to the final 5 celebrity Houseguests, and anyone could take home the grand prize! Tune in NOW to watch the #BB‚Ä¶"
237,0.0,Sun Feb 25 21:51:32 +0000 2018,0.0,1.0,0.0,238,@CBS,RT @startrekcbs: Binge the entire first season of #StarTrekDiscovery. All episodes now streaming exclusively on CBS All Access: https://t.c‚Ä¶
238,0.0,Sun Feb 25 21:51:22 +0000 2018,0.0,1.0,0.0,239,@CBS,"RT @thegoodfight: #TheGoodFight returns in 1 week. Season 2 premieres Sunday, March 4. https://t.co/nomCao1GWp https://t.co/BOn6bOe9Tb"
239,0.5093,Fri Feb 23 18:15:40 +0000 2018,0.0,0.845,0.155,240,@CBS,RT @thegoodfight: This is our new favorite thing. Christine Baranski debuted #TheGoodFight the Musical on @colbertlateshow last night! üéµüé§‚Ä¶
240,0.0,Thu Feb 22 19:26:52 +0000 2018,0.0,1.0,0.0,241,@CBS,"RT @LivinBiblically: Confession time: have YOU ever hit the ""close door"" button in an elevator while somebody was approaching? The cast of‚Ä¶"
241,0.0,Wed Feb 21 19:20:04 +0000 2018,0.0,1.0,0.0,242,@CBS,RT @CBSEyeSpeak: Mark your calendars! #CBSEyeSpeak kicks off March 14 with The EYE Speak Summit. Follow our page for more details! https://‚Ä¶
242,0.6808,Wed Feb 21 18:19:25 +0000 2018,0.0,0.752,0.248,243,@CBS,"RT @CBSEyeSpeak: Proud to announce a new CBS initiative, promoting female empowerment and developing the next generation of leaders through‚Ä¶"
243,0.4404,Tue Feb 20 19:55:19 +0000 2018,0.0,0.884,0.116,244,@CBS,"RT @LivinBiblically: When you're living by the Bible, it's good to have a priest and a rabbi on call (provided they answer their phones, th‚Ä¶"
244,-0.4019,Tue Feb 20 17:58:18 +0000 2018,0.119,0.881,0.0,245,@CBS,"RT @thegoodfight: Chicago lawyers are being hunted and the world is going insane. 

The new season of #TheGoodFight premieres Sunday, March‚Ä¶"
245,0.3612,Tue Feb 20 17:39:51 +0000 2018,0.0,0.872,0.128,246,@CBS,Ready for some larger than life competition? This new series from @MarkBurnettTV will premiere in summer 2018.‚Ä¶ https://t.co/gDXHLdIJ5v
246,0.6124,Sat Feb 17 01:07:20 +0000 2018,0.0,0.773,0.227,247,@CBS,"With tournament dreams on the line, make sure to stream these college basketball matchups on CBS All Access:‚Ä¶ https://t.co/SGkYUZrQWB"
247,0.3182,Fri Feb 16 18:42:43 +0000 2018,0.0,0.892,0.108,248,@CBS,"RT @LivinBiblically: While Chip's sticking to the Bible's original rules, the cast of #LivingBiblically has given them a more modern makeov‚Ä¶"
248,0.68,Fri Feb 16 17:48:20 +0000 2018,0.0,0.752,0.248,249,@CBS,"Casting News! Peter Mark Kendall, Michael Gaston, Greg Wise, Rade ≈†erbed≈æija, Zack Pearlman, and Keye Chen join the‚Ä¶ https://t.co/GFob2KrD8H"
249,0.8619,Wed Feb 14 19:23:27 +0000 2018,0.0,0.534,0.466,250,@CBS,RT @BullCBS: The verdict is in...#Bull is the perfect Valentine! ‚ù§Ô∏è Happy #ValentinesDay! https://t.co/poEejI4AnC
250,0.0,Tue Feb 13 20:03:56 +0000 2018,0.0,1.0,0.0,251,@CBS,"RT @NoActivityCBS: Car 27 reporting: Season 2 of #NoActivity coming soon!

Binge season one now on CBS All Access: https://t.co/yvxoQMeyhN‚Ä¶"
251,0.7506,Tue Feb 13 18:54:52 +0000 2018,0.0,0.748,0.252,252,@CBS,"RT @LivinBiblically: Against all odds (and the advice of his God Squad), Chip is determined to live life by the Good Book. Think you could‚Ä¶"
252,0.0,Mon Feb 12 18:49:45 +0000 2018,0.0,1.0,0.0,253,@CBS,RT @thegoodfight: Christine Baranski reflects upon the spectacular metamorphosis of her character in #TheGoodFight's first season. Revisit‚Ä¶
253,0.0,Mon Feb 12 01:32:33 +0000 2018,0.0,1.0,0.0,254,@CBS,RT @startrekcbs: Binge the entire first season of #StarTrekDiscovery. All 15 episodes now streaming on CBS All Access: https://t.co/lKLaptP‚Ä¶
254,0.8478,Fri Feb 09 00:50:01 +0000 2018,0.0,0.696,0.304,255,@CBS,RT @SuperiorDonuts: Looking for a #Valentine? Tush is here to help you land your dream date just in time for the day of love! #SuperiorDonu‚Ä¶
255,-0.5859,Thu Feb 08 16:09:35 +0000 2018,0.186,0.814,0.0,256,@CBS,RT @CBSBigBrother: The pressure is on as the Houseguests battle each other for victory in the first HOH competition. Stream the season prem‚Ä¶
256,0.0516,Wed Feb 07 18:35:19 +0000 2018,0.0,0.934,0.066,257,@CBS,"RT @startrekcbs: Sunday, this season's epic journey reaches its final reckoning. Catch up before the season finale: https://t.co/4Ea5wpmAep‚Ä¶"
257,0.5574,Wed Feb 07 16:17:48 +0000 2018,0.152,0.536,0.312,258,@CBS,"Are you a sucker for jaw-dropping talent competitions? Announcing The World's Best, a first-of-its-kind new global‚Ä¶ https://t.co/fagCMklm2Z"
258,0.0,Tue Feb 06 22:21:39 +0000 2018,0.0,1.0,0.0,259,@CBS,"RT @BullCBS: Tonight, one of these 3 TAC employees will end up incarcerated. Who do you think it will be? Tune into a new episode of #Bull‚Ä¶"
259,0.0772,Tue Feb 06 17:05:49 +0000 2018,0.106,0.773,0.121,260,@CBS,"RT @thegoodfight: There's no season like lawyer season. #TheGoodFight returns March 4, exclusively on CBS All Access. https://t.co/XAlrg1nB‚Ä¶"
260,0.0,Sun Feb 04 15:35:36 +0000 2018,0.0,1.0,0.0,261,@CBS,"RT @thegoodfight: The acclaimed series returns in 1 month. #TheGoodFight is back Sunday, March 4. https://t.co/5BNLTYRd8p https://t.co/yInP‚Ä¶"
261,0.1531,Sun Feb 04 12:00:01 +0000 2018,0.0,0.882,0.118,262,@CBS,".@KeshaRose's emotional performance with @CyndiLauper, @AndraDayMusic, @BebeRexha and @Camila_Cabello brought the a‚Ä¶ https://t.co/qpgS2e9ir0"
262,0.0,Sat Feb 03 23:11:43 +0000 2018,0.0,1.0,0.0,263,@CBS,Broadway legend Patti LuPone paid tribute to Sir Andrew Lloyd Webber with a show-stopping rendition of the iconic s‚Ä¶ https://t.co/GxqLtUzhFP
263,0.8268,Sat Feb 03 12:00:07 +0000 2018,0.0,0.662,0.338,264,@CBS,"Relive an entire night's worth of big wins, live performances and many more inspiring moments from The 60th Annual‚Ä¶ https://t.co/CH7mJ4Y3QT"
264,-0.0772,Fri Feb 02 22:36:13 +0000 2018,0.075,0.925,0.0,265,@CBS,RT @swatcbs: ‚ú®@TheTalkCBS' @TheRealEve and @ShemarMoore brought some serious heat to the GRAMMYs red carpet: https://t.co/WYTITKkLQd https:‚Ä¶
265,0.4019,Fri Feb 02 20:07:40 +0000 2018,0.0,0.856,0.144,266,@CBS,"The all-star collaboration between @Rihanna, @DJKhaled and @brysontiller brought the party to the #GRAMMYs with a s‚Ä¶ https://t.co/jTv5QbtgUp"
266,0.4003,Fri Feb 02 19:03:33 +0000 2018,0.0,0.876,0.124,267,@CBS,RT @TheTalkCBS: All the #redcarpet looks from the 60th annual #GRAMMYs! Did you catch @TheRealEve's sparkly two-piece suit? Diamond accents‚Ä¶
267,0.6114,Fri Feb 02 17:23:18 +0000 2018,0.0,0.834,0.166,268,@CBS,Go backstage with the celebs and see which stars celebrated the big night together! Here are the moments you missed‚Ä¶ https://t.co/rgQTXRQyLg
268,0.0,Thu Feb 01 22:04:41 +0000 2018,0.0,1.0,0.0,269,@CBS,üé∂ @DearEvanHansen star Ben Platt gave a soaring performance of a classic Broadway hit. Watch him perform 'Somewhere‚Ä¶ https://t.co/HcuizFWo02
269,0.0,Thu Feb 01 20:09:49 +0000 2018,0.0,1.0,0.0,270,@CBS,"üé∏ @LittleBigTown, @U2, @BrunoMars and @Pink are just a few of the superstar performers that lit up the stage at The‚Ä¶ https://t.co/2v0MNYMItG"
270,0.1139,Wed Jan 31 21:42:15 +0000 2018,0.0,0.912,0.088,271,@CBS,"Don't miss country stars Emmylou Harris and @ChrisStapleton perform a moving rendition of @TomPetty's classic song,‚Ä¶ https://t.co/GxoIW97XIu"
271,0.1007,Wed Jan 31 17:05:47 +0000 2018,0.115,0.75,0.135,272,@CBS,RT @survivorcbs: Get excited! üôå It‚Äôs finally time to meet the castaways of #Survivor: Ghost Island ‚ò† https://t.co/xQQ8ROhKbM https://t.co/P‚Ä¶
272,0.4588,Wed Jan 31 16:37:17 +0000 2018,0.0,0.812,0.188,273,@CBS,"Country stars @EricChurch, @BrothersOsborne and @MarenMorris performed a touching tribute dedicated to the victims‚Ä¶ https://t.co/YCIq9i70fd"
273,0.1779,Wed Jan 31 06:55:30 +0000 2018,0.095,0.779,0.126,274,@CBS,Missed the Man vs. Beast #SuperBowlCommercials showdown? Catch up now to find out which entertaining ad was named t‚Ä¶ https://t.co/SlyO0n7yMX
274,-0.2263,Wed Jan 31 02:15:16 +0000 2018,0.252,0.569,0.179,275,@CBS,"RT @rikimae: Ok, that one makes me cry #superbowlcommercials"
275,-0.4767,Wed Jan 31 01:58:40 +0000 2018,0.256,0.744,0.0,276,@CBS,"If this doesn‚Äôt make you cry, nothing will. #SuperBowlCommercials https://t.co/UjFf3xr4so"
276,0.4939,Wed Jan 31 01:52:46 +0000 2018,0.119,0.625,0.256,277,@CBS,"RT @maverickkr: #superbowlcommercials the frogs were great, I'd forgotten about that one."
277,0.5093,Wed Jan 31 01:49:43 +0000 2018,0.0,0.81,0.19,278,@CBS,"If you haven't voted yet, it's not too late! Choose your favorite here: https://t.co/s4pEIF5IX8‚Ä¶ https://t.co/VCa1YHDyYy"
278,0.8261,Wed Jan 31 01:31:27 +0000 2018,0.0,0.566,0.434,279,@CBS,RT @5691e44f3b66446: I am having so much fun ...the commercials are awesome #superbowlcommercials
279,0.8309,Wed Jan 31 01:29:10 +0000 2018,0.0,0.586,0.414,280,@CBS,RT @LittleShelbyMae: Love watching the #superbowlcommercials all the animal ones are my favorite!!
280,0.6588,Wed Jan 31 01:24:16 +0000 2018,0.0,0.614,0.386,281,@CBS,RT @PatHale915: Doritos time machine was great!   #superbowlcommercials
281,-0.5106,Wed Jan 31 01:18:37 +0000 2018,0.398,0.602,0.0,282,@CBS,Never make a goat angry. #SuperBowlCommercials https://t.co/xRJssdAErk
282,0.0,Wed Jan 31 01:17:37 +0000 2018,0.0,1.0,0.0,283,@CBS,RT @MsLindsieStarr: That dang goat! #Doritos #superbowlcommercials
283,0.7525,Wed Jan 31 01:16:15 +0000 2018,0.0,0.651,0.349,284,@CBS,Do you remember this Super Bowl commercial featuring @KevinHart4real playing an overprotective father?‚Ä¶ https://t.co/ejLnTEG5ug
284,0.0,Wed Jan 31 01:08:01 +0000 2018,0.0,1.0,0.0,285,@CBS,RT @dRoy: Homework will take a break for now. #superbowlcommercials on cbs is on üëå
285,0.8516,Wed Jan 31 01:04:34 +0000 2018,0.0,0.42,0.58,286,@CBS,RT @Mixxxalv: Watching #superbowlcommercials let the best win!
286,0.8442,Wed Jan 31 01:00:35 +0000 2018,0.0,0.649,0.351,287,@CBS,Super Bowl Greatest Commercials 2018 hosts @7BOOMERESIASON and @DanielaRuah are moments away from announcing the tw‚Ä¶ https://t.co/cKM1WXPc9u
287,0.923,Wed Jan 31 00:55:04 +0000 2018,0.0,0.594,0.406,288,@CBS,It's Man vs. Beast as these classic Super Bowl spots face off tonight on Super Bowl Greatest Commercials 2018! Tune‚Ä¶ https://t.co/GcoSAcfeUd
288,0.5994,Wed Jan 31 00:37:20 +0000 2018,0.0,0.794,0.206,289,@CBS,"Tonight, get a first look at #ChrisElliott starring in the new @AvosfromMexico Super Bowl Commercial on‚Ä¶ https://t.co/WMEjsZfgdg"
289,0.8834,Wed Jan 31 00:11:53 +0000 2018,0.0,0.593,0.407,290,@CBS,"Join @NCISLA's @DanielaRuah and @7BOOMERESIASON on Super Bowl Greatest Commercials 2018, tonight at 8/7c on CBS and‚Ä¶ https://t.co/nzVu1FCRc5"
290,0.8553,Tue Jan 30 23:35:01 +0000 2018,0.0,0.724,0.276,291,@CBS,Everyone knows the best part of the Super Bowl is the commercials! Find out how to tune in and vote for your favori‚Ä¶ https://t.co/KGDYl9oF98
291,0.8553,Tue Jan 30 21:19:22 +0000 2018,0.0,0.694,0.306,292,@CBS,Throw it back to this classic Michael Jordan vs. Larry Bird spot tonight on Super Bowl Greatest Commercials 2018! W‚Ä¶ https://t.co/g2H4zV7wIN
292,0.9215,Tue Jan 30 18:46:04 +0000 2018,0.0,0.609,0.391,293,@CBS,"Super Bowl Greatest Commercials 2018 airs tonight! Cast your vote now, then tune in and vote for the winner live at‚Ä¶ https://t.co/h4jGpUheP5"
293,0.0,Tue Jan 30 16:00:02 +0000 2018,0.0,1.0,0.0,294,@CBS,Remember when @robinthicke and Lil Wayne (@liltunechi) joined jazz legends on stage at the 51st #GRAMMYs? Watch thi‚Ä¶ https://t.co/2l8gBdOrli
294,0.5994,Tue Jan 30 04:03:31 +0000 2018,0.0,0.813,0.187,295,@CBS,"Tomorrow, catch a sneak peek of the incredible @TiffanyHaddish in her first Super Bowl Commercial for @Groupon on‚Ä¶ https://t.co/RlehujNvFN"
295,0.6908,Tue Jan 30 03:17:51 +0000 2018,0.0,0.711,0.289,296,@CBS,Rapper @Logic301 delivered a poignant message of hope to conclude his powerful performance with @alessiacara and‚Ä¶ https://t.co/elSqZExRtN
296,0.0,Tue Jan 30 02:12:15 +0000 2018,0.0,1.0,0.0,297,@CBS,Even our host @JKCorden was starstruck when Broadway icon Patti LuPone performed at The #GRAMMYs! https://t.co/YJhNBllFh6
297,-0.296,Tue Jan 30 01:29:06 +0000 2018,0.115,0.885,0.0,298,@CBS,Childish Gambino serenaded the crowd with his smooth vocals in this mesmerizing performance. Watch him perform 'Ter‚Ä¶ https://t.co/TkWZP7PS22
298,0.0,Tue Jan 30 00:11:05 +0000 2018,0.0,1.0,0.0,299,@CBS,.@OfficialSting and @shaggy757 joined together to bring their upbeat reggae vibes to Madison Square Garden. Watch t‚Ä¶ https://t.co/iqq0DbM1IR
299,0.3818,Mon Jan 29 22:45:21 +0000 2018,0.0,0.885,0.115,300,@CBS,Superstar @Pink left it all on the stage last night in a simply stunning performance that brought the crowd to thei‚Ä¶ https://t.co/B9Tj5INcNu
300,0.0772,Sun Mar 11 23:45:08 +0000 2018,0.0,0.936,0.064,301,@Fox,"RT @incantatricks: Society expects women to be everything and want nothing.

We have to be masters at self-improvement, conversation, emoti‚Ä¶"
301,-0.296,Sun Mar 11 23:10:30 +0000 2018,0.136,0.864,0.0,302,@Fox,"RT @ChloeCondon: Hey ladies, come work in tech. We have no bathroom lines üöΩüíÅüèº‚Äç‚ôÄÔ∏è https://t.co/01stO97NKd"
302,0.6996,Sun Mar 11 06:15:00 +0000 2018,0.0,0.509,0.491,303,@Fox,"Friends: excited for the long weekend!
Me: https://t.co/vPjwIGbbM4"
303,0.0,Sat Mar 10 08:34:51 +0000 2018,0.0,1.0,0.0,304,@Fox,RT @lrnrd: THIS THREAD üçøüî•üôèüèªüëèüíØ https://t.co/vhfH4ETTC0
304,-0.2957,Sat Mar 10 06:41:48 +0000 2018,0.177,0.725,0.098,305,@Fox,"RT @ChloeCondon: Booth recruiter üßî: ...and we really value diversity!

Me üëßüèº: Do you have any women's sized shirts?

üßî: Unfortunately no, t‚Ä¶"
305,0.5859,Fri Mar 09 06:19:04 +0000 2018,0.0,0.568,0.432,306,@Fox,Amazing hosts for upcoming @CSSconfeu üíñ¬†https://t.co/pmtGtflroP
306,-0.25,Fri Mar 09 06:01:38 +0000 2018,0.095,0.905,0.0,307,@Fox,Still wondering what companies that have less than 10% women (let alone POC) across the entire organisation (not on‚Ä¶ https://t.co/yIyuV9WkMS
307,0.0,Fri Mar 09 02:43:33 +0000 2018,0.0,1.0,0.0,308,@Fox,"Women‚Äôs Day isn‚Äôt an arbitrary date. 

It should be an ongoing celebration, empowerment and inclusion of all women‚Ä¶ https://t.co/5EJ63WQXL6"
308,0.4019,Fri Mar 09 02:39:36 +0000 2018,0.0,0.891,0.109,309,@Fox,"RT @butwhoiskat: I‚Äôll be speaking (for the first time) next Thursday, at WDYK, on the ethics of design.

Wanna come support me?

https://t.‚Ä¶"
309,-0.6336,Fri Mar 09 02:25:31 +0000 2018,0.508,0.492,0.0,310,@Fox,"@Double_Days Hey! Unfortunately, that‚Äôs not me :)"
310,0.0,Fri Mar 09 01:16:08 +0000 2018,0.0,1.0,0.0,311,@Fox,RT @void_daddy_: the future isnt female. the future is nonbinary it's genderfluid it's queer and it's trans it's natives rising up against‚Ä¶
311,0.6771,Fri Mar 09 01:15:52 +0000 2018,0.0,0.764,0.236,312,@Fox,"RT @soniagupta504: I'm starting to really understand the importance of psychological safety on developer teams. 

With it, you have a team‚Ä¶"
312,0.0,Fri Mar 09 00:59:44 +0000 2018,0.0,1.0,0.0,313,@Fox,"RT @vboykis: Somewhere in the multiverse, this HN exists. https://t.co/bdk0sZeucF"
313,-0.34,Fri Mar 09 00:06:04 +0000 2018,0.261,0.611,0.128,314,@Fox,"@ohhoe blocked because the truth was too stingy, the follow up james damore story"
314,0.4404,Fri Mar 09 00:05:05 +0000 2018,0.0,0.888,0.112,315,@Fox,RT @triketora: such a useful resource for founders to be able to find the anti-harassment policies and points of contact for the vc firms t‚Ä¶
315,0.8356,Thu Mar 08 23:42:03 +0000 2018,0.0,0.643,0.357,316,@Fox,Hi friends! I‚Äôm looking for new opportunities to put my multidisciplinary skills to good use within a diverse organ‚Ä¶ https://t.co/Chl7QaEgSe
316,0.0,Thu Mar 08 23:08:31 +0000 2018,0.0,1.0,0.0,317,@Fox,@ANZ_AU You can email me at hi@thefox.is.
317,0.658,Thu Mar 08 22:20:51 +0000 2018,0.0,0.578,0.422,318,@Fox,"@Mandy_Kerr Back at you, Mandy! You‚Äôre amazing! ‚ú®"
318,0.4199,Thu Mar 08 22:20:32 +0000 2018,0.0,0.417,0.583,319,@Fox,@happycrappie thank you!
319,0.7269,Thu Mar 08 21:27:38 +0000 2018,0.0,0.736,0.264,320,@Fox,"RT @shailjapatel: Read women.
Cite women.
Credit women.

Teach women.
Publish women.
Present women.

Acknowledge women.
Award women.
Amplif‚Ä¶"
320,0.6114,Thu Mar 08 21:26:51 +0000 2018,0.0,0.84,0.16,321,@Fox,"RT @EricaJoy: Men! Celebrate #InternationalWomensDay by taking direct action:
üåü Tell the women you work with how much you get paid.
üåü If yo‚Ä¶"
321,-0.0772,Thu Mar 08 08:57:37 +0000 2018,0.085,0.847,0.069,322,@Fox,Another release of @jsconfeu tickets is happening in a few minutes and you don‚Äôt want to miss out. https://t.co/MX1CYi6kiK
322,-0.296,Thu Mar 08 08:32:47 +0000 2018,0.196,0.804,0.0,323,@Fox,"Everything about this‚Äî‚Äùthe absence of no is not consent.‚Äù

https://t.co/58usW9cFxH"
323,-0.6597,Thu Mar 08 07:42:40 +0000 2018,0.252,0.748,0.0,324,@Fox,"Don‚Äôt try to shame me for your lack of professionalism and overconfident behaviour. 

Tl:dr; don‚Äôt work for @ANZ_AU."
324,-0.7269,Thu Mar 08 07:39:19 +0000 2018,0.289,0.711,0.0,325,@Fox,"I told her how offensive and exclusionary those things were. Her reply:

‚ÄùI'm disappointed with your interpretation‚Ä¶ https://t.co/diQiVBdLF0"
325,0.0772,Thu Mar 08 07:23:41 +0000 2018,0.0,0.939,0.061,326,@Fox,I got emailed by someone at @ANZ_AU who not only insinuated that I‚Äôm after ‚Äùfancy titles‚Äù after I said I want to dr‚Ä¶ https://t.co/kpCyQY3i1z
326,0.09,Thu Mar 08 02:54:19 +0000 2018,0.154,0.639,0.208,327,@Fox,"@theroyals hey, thanks but that doesn‚Äôt sound like me, and I find a bunch of the language on your site problematic."
327,0.0,Thu Mar 08 02:52:30 +0000 2018,0.0,1.0,0.0,328,@Fox,"I think I‚Äôm going to collect ‚Äúthe best‚Äù team pages and toxic statements I see when looking for a new role. Already seen so many.

ü§¢"
328,-0.3489,Thu Mar 08 02:50:10 +0000 2018,0.159,0.75,0.091,329,@Fox,"@Catharz Thanks! I‚Äôve interviewed in the past, but unfortunately, it didn‚Äôt fulfil my requirements on diversity and inclusion."
329,0.2003,Thu Mar 08 02:46:52 +0000 2018,0.111,0.741,0.148,330,@Fox,"@s_mcleod üëãüèª thanks! unfortunately, I think I‚Äôm mostly looking to steer away from traditional front-end roles to so‚Ä¶ https://t.co/VJ18W89w3A"
330,0.5106,Thu Mar 08 02:38:56 +0000 2018,0.0,0.807,0.193,331,@Fox,@stephenbelanger üëãüèª Elastic has been recommended to me several times now. I would be keen to chat to someone. Would‚Ä¶ https://t.co/YOKEU5HWVf
331,0.9552,Thu Mar 08 02:30:05 +0000 2018,0.0,0.245,0.755,332,@Fox,"@mikerapp haha, please feel free to. I was inspired by wonderful @lrnrd :)"
332,0.4714,Thu Mar 08 02:29:38 +0000 2018,0.099,0.658,0.243,333,@Fox,"@d2kagw @camplexer üëãüèª  sure! would you be able to drop a line at hi@thefox.is with more details, please?"
333,0.8588,Thu Mar 08 02:27:14 +0000 2018,0.082,0.478,0.44,334,@Fox,"@breskeby hey, thanks! unfortunately, I don‚Äôt want to pursue the path of a front/JS developer so it wouldn‚Äôt be a good fit :)"
334,0.0,Thu Mar 08 00:49:51 +0000 2018,0.0,1.0,0.0,335,@Fox,@superhighfives Which park is this?!
335,-0.3182,Thu Mar 08 00:38:56 +0000 2018,0.18,0.728,0.092,336,@Fox,"@maxvoltar Heh, got too excited and didn‚Äôt notice the ‚ÄúUS remote‚Äù. Forever sad face of not willing to relocate to San Francisco. 

üò≠"
336,0.0,Thu Mar 08 00:38:08 +0000 2018,0.0,1.0,0.0,337,@Fox,@maxvoltar @goabstract Oh hi hello üëãüèª https://t.co/3xme16xAIz
337,0.4389,Thu Mar 08 00:37:27 +0000 2018,0.0,0.85,0.15,338,@Fox,"RT @amberdawn: The product I've been working on launched today! @begin is a new way to handle tasking - create tasks, pick the one you're f‚Ä¶"
338,0.6858,Wed Mar 07 23:35:58 +0000 2018,0.08,0.705,0.215,339,@Fox,"@sara_ann_marie I have failed at this multiple times before, but I try my best to step out of my white cis privileg‚Ä¶ https://t.co/0Ooul9WLgq"
339,0.5859,Wed Mar 07 23:30:24 +0000 2018,0.0,0.826,0.174,340,@Fox,"Having the audacity to talk about diversity and have a bunch of cis, able-bodied, white women is just eternally amazing."
340,0.0,Wed Mar 07 23:26:16 +0000 2018,0.0,1.0,0.0,341,@Fox,The all white women panel is the new all-male panel. https://t.co/xDGHNGWC49
341,0.0,Wed Mar 07 23:17:40 +0000 2018,0.0,1.0,0.0,342,@Fox,RT @sara_ann_marie: We're working on getting @noyougoshow in front of new audiences‚Äîwhere do y'all think we should be featured? Orgs we sho‚Ä¶
342,-0.4588,Wed Mar 07 23:17:27 +0000 2018,0.384,0.465,0.151,343,@Fox,"@dantoml *nods*

Or no careers page, no benefits, no process explained, nothing."
343,0.2732,Wed Mar 07 23:15:16 +0000 2018,0.0,0.913,0.087,344,@Fox,I don‚Äôt know if the majority of men realise the magnitude of mental energy needed to find a job as a member of an u‚Ä¶ https://t.co/xCUFjAE2UD
344,0.0,Wed Mar 07 23:06:44 +0000 2018,0.0,1.0,0.0,345,@Fox,Looking for a job makes me realise how little has changed in the tech industry as I browse through countless almost‚Ä¶ https://t.co/HbM885Ah1k
345,0.4389,Wed Mar 07 22:27:26 +0000 2018,0.0,0.862,0.138,346,@Fox,"RT @fox: üö®üëãüèª Hi everyone! I‚Äôm searching for new opportunities. 

I‚Äôm looking for multidisciplinary product, front-end and leadership roles.‚Ä¶"
346,-0.3595,Wed Mar 07 21:44:50 +0000 2018,0.161,0.839,0.0,347,@Fox,"Oh look, it‚Äôs the show off your women to avoid getting called out day!"
347,0.7088,Wed Mar 07 19:54:53 +0000 2018,0.0,0.337,0.663,348,@Fox,@DevelopSean Thanks Sean! I appreciate it.
348,0.4199,Wed Mar 07 09:45:02 +0000 2018,0.0,0.798,0.202,349,@Fox,@mr_lundis Ah. It sounded like it‚Äôs only on site. I‚Äôll have a look!
349,-0.3335,Wed Mar 07 09:43:47 +0000 2018,0.229,0.64,0.131,350,@Fox,@mr_lundis Sounds interesting but I‚Äôm in Australia and not relocating :)
350,0.6956,Wed Mar 07 09:39:32 +0000 2018,0.0,0.582,0.418,351,@Fox,"@peres Thank you, but I‚Äôm not looking to relocate. :)"
351,0.4753,Wed Mar 07 09:36:36 +0000 2018,0.0,0.808,0.192,352,@Fox,@limbera I didn‚Äôt see it at all! Would you mind sharing some details through email?
352,0.4588,Wed Mar 07 09:35:30 +0000 2018,0.0,0.4,0.6,353,@Fox,@tjalve Nope :)
353,0.4767,Wed Mar 07 08:28:30 +0000 2018,0.0,0.819,0.181,354,@Fox,Hi European friends üëãüèª I‚Äôm looking for a new job. Find more details below. ‚¨áÔ∏è https://t.co/3xme16Pc79
354,0.0,Wed Mar 07 06:33:15 +0000 2018,0.0,1.0,0.0,355,@Fox,@z_rose Hey! You can email hi at https://t.co/vah0lKuzCY.
355,-0.5859,Wed Mar 07 05:00:04 +0000 2018,0.291,0.597,0.112,356,@Fox,What I‚Äôve learned over the years is that often denying lack of inclusion is much worse than being honestly exclusionary.
356,0.0,Wed Mar 07 04:55:54 +0000 2018,0.0,1.0,0.0,357,@Fox,"You are right, there are 6% (7/101 instructors) of women instructors judging based on https://t.co/2JyuREYsYu (pron‚Ä¶ https://t.co/JtEKL6cacH"
357,0.0,Wed Mar 07 04:47:06 +0000 2018,0.0,1.0,0.0,358,@Fox,"RT @sara_ann_marie: 4. If an organizer doesn't know where to find more diverse speakers, ask them why not. How do they find speakers now? W‚Ä¶"
358,0.3818,Wed Mar 07 04:47:01 +0000 2018,0.0,0.885,0.115,359,@Fox,"RT @sara_ann_marie: Specific things I do:
1. Ask organizers what they're doing to ensure a diverse lineup. 
2. Listen closely to the answer‚Ä¶"
359,-0.8225,Wed Mar 07 04:41:52 +0000 2018,0.35,0.571,0.079,360,@Fox,"RT @CharlotteAlter: Bumble expels anyone who uses hate speech, has a 0 tolerance harassment policy, regularly removes trolls, and is now ba‚Ä¶"
360,0.0,Wed Mar 07 04:20:11 +0000 2018,0.0,1.0,0.0,361,@Fox,@brianleroux @benschwarz Paging @jahoni üòÇ
361,0.4199,Wed Mar 07 03:56:25 +0000 2018,0.0,0.763,0.237,362,@Fox,@twholman How do I live up to this now üòÇ thank you!
362,0.4738,Wed Mar 07 03:54:49 +0000 2018,0.0,0.493,0.507,363,@Fox,@DevelopSean indeed! Thank you!
363,0.4588,Wed Mar 07 02:31:05 +0000 2018,0.0,0.667,0.333,364,@Fox,@DevelopSean @InVisionApp Anyone I could talk to? :)
364,0.8221,Wed Mar 07 01:45:38 +0000 2018,0.0,0.345,0.655,365,@Fox,@jennschiffer Beautiful art boobs. Congrats! üëèüèª
365,0.6696,Wed Mar 07 01:41:24 +0000 2018,0.0,0.703,0.297,366,@Fox,"Also, if you have recommendations or can introduce me to good people, please do! üôáüèª‚Äç‚ôÄÔ∏è"
366,0.4199,Wed Mar 07 01:39:26 +0000 2018,0.0,0.518,0.482,367,@Fox,"@malchata Thank you, Jeremy! üå∏"
367,0.4588,Wed Mar 07 01:39:08 +0000 2018,0.0,0.833,0.167,368,@Fox,"@Folletto It could be an option, could you introduce me to anyone I can talk to? :)"
368,0.68,Wed Mar 07 00:04:33 +0000 2018,0.0,0.682,0.318,369,@Fox,"@frameshiftllc Oh, I have never seen any examples of such transparency. Thank you for sharing!"
369,0.4199,Tue Mar 06 23:58:16 +0000 2018,0.0,0.518,0.482,370,@Fox,@emanuil_tolev Thank you Emanuil!
370,0.7345,Tue Mar 06 23:57:53 +0000 2018,0.0,0.447,0.553,371,@Fox,@saltnburnem Thank you for your kind words!
371,0.4199,Tue Mar 06 23:57:37 +0000 2018,0.0,0.518,0.482,372,@Fox,"@andymcmillan üò≠

Thank you, Andy! üíê"
372,0.4389,Tue Mar 06 23:31:16 +0000 2018,0.0,0.847,0.153,373,@Fox,"üö®üëãüèª Hi everyone! I‚Äôm searching for new opportunities. 

I‚Äôm looking for multidisciplinary product, front-end and le‚Ä¶ https://t.co/0T3EgXuCMK"
373,0.0423,Tue Mar 06 22:36:40 +0000 2018,0.092,0.809,0.099,374,@Fox,"@jenistyping Yep, I‚Äôm seeing a lot of people charging and making decent money, not giving back to the community or‚Ä¶ https://t.co/rNdb3tSwf5"
374,0.296,Tue Mar 06 10:39:55 +0000 2018,0.0,0.761,0.239,375,@Fox,"RT @uveavanto: Saw these, thought I would share. https://t.co/XXisevHRrz"
375,0.4215,Tue Mar 06 10:38:14 +0000 2018,0.047,0.845,0.108,376,@Fox,RT @QVWCmelb: ‚ÄòWe all care. How do we translate that into action? The data shows that we won‚Äôt get to gender pay equity for another 50 year‚Ä¶
376,0.0,Tue Mar 06 07:49:18 +0000 2018,0.0,1.0,0.0,377,@Fox,RT @QVWCmelb: ‚ÄòIn 2018 we shouldn‚Äôt be talking about STEM education. We should be talking about algorithm design. It‚Äôs a human right and sh‚Ä¶
377,0.0,Tue Mar 06 06:29:05 +0000 2018,0.0,1.0,0.0,378,@Fox,"RT @MandelaSH: 9 in 10 VCs are White and Asian men
9 in 10 VC-backed founders are White and Asian men
Coincidence? ü§î"
378,0.2263,Tue Mar 06 01:15:21 +0000 2018,0.12,0.684,0.197,379,@Fox,RT @ikasliwal: A hard truth about women's spaces in Slack https://t.co/NBjHCGD3yN
379,0.2129,Tue Mar 06 01:14:33 +0000 2018,0.0,0.816,0.184,380,@Fox,"RT @aahunsberger: Words matter. I have been called all these things. 

I am not aggressive. I am assertive - I know what i want. 
I am not‚Ä¶"
380,0.25,Tue Mar 06 00:01:31 +0000 2018,0.0,0.875,0.125,381,@Fox,"When your neighbourhood coffee shop plays Jungle (loud) and brings you bottomless filter. ‚ù§Ô∏è

https://t.co/8pq3hOhZF7"
381,0.4404,Mon Mar 05 23:30:12 +0000 2018,0.0,0.804,0.196,382,@Fox,"Claiming care and commitment to diversity and inclusion, charging for tickets, having sponsors but NOT PAYING speak‚Ä¶ https://t.co/WVbD6YOw9r"
382,-0.5719,Mon Mar 05 23:27:14 +0000 2018,0.179,0.821,0.0,383,@Fox,Any diversity and inclusion event not paying their speakers is perpetuating systems of injustice and the precedent‚Ä¶ https://t.co/N7mARvzGJf
383,0.0,Mon Mar 05 23:24:01 +0000 2018,0.0,1.0,0.0,384,@Fox,Evergreen mood. https://t.co/46SrAc4PKY
384,0.0772,Mon Mar 05 23:18:56 +0000 2018,0.056,0.876,0.068,385,@Fox,"RT @projectinclude: Did you know: the pay gap between white women and women of color is the fastest growing income inequality there is, acc‚Ä¶"
385,-0.3818,Mon Mar 05 20:53:25 +0000 2018,0.115,0.885,0.0,386,@Fox,@ohhoe I have called out that guy multiple times and all I got was hostile snark. I wouldn‚Äôt expect much from him a‚Ä¶ https://t.co/3fzrczcPHj
386,-0.5423,Mon Mar 05 07:21:53 +0000 2018,0.31,0.585,0.105,387,@Fox,I think my level of stress and exhaustion warrants a silent yoga and meditation retreat
387,0.0,Mon Mar 05 07:13:40 +0000 2018,0.0,1.0,0.0,388,@Fox,@vaurorapub @sw All I ask is one day when I don‚Äôt have to bend backwards to prove I‚Äôm ‚Äúworthy‚Äù and ‚Äúexceptional‚Äù
388,-0.5423,Mon Mar 05 07:12:10 +0000 2018,0.179,0.821,0.0,389,@Fox,"@decryption The NYT article is horrible and doing a massive disservice. Nonetheless, research about the founders is‚Ä¶ https://t.co/2ofMnMgbDT"
389,0.1655,Mon Mar 05 06:55:03 +0000 2018,0.0,0.858,0.142,390,@Fox,"@sw Truth. I got used to the term, but I should ditch it."
390,-0.3818,Mon Mar 05 06:37:09 +0000 2018,0.246,0.644,0.11,391,@Fox,"@notwaldorf The amount of white, privileged feminism I see is as disturbing as Twitter feminism bios. Sob.

Actions and allyship or leave."
391,0.0,Mon Mar 05 06:36:44 +0000 2018,0.0,1.0,0.0,392,@Fox,@ezyjules ughhhhhhhhh
392,0.6808,Mon Mar 05 06:35:06 +0000 2018,0.0,0.588,0.412,393,@Fox,"This, with a special dedication for white, privileged, non-intersectional feminists. https://t.co/UwPxpfnUej"
393,0.0,Mon Mar 05 06:33:54 +0000 2018,0.0,1.0,0.0,394,@Fox,"@decryption You also haven‚Äôt done your homework to check who actually the person running Lumineer is, because if yo‚Ä¶ https://t.co/Flb13H9M65"
394,-0.7778,Mon Mar 05 06:33:16 +0000 2018,0.298,0.702,0.0,395,@Fox,@decryption Hi Anthony. I‚Äôm really disappointed in the Sizzle. You‚Äôve written a horribly harmful piece of content a‚Ä¶ https://t.co/kpTJ9RhcI3
395,0.5965,Mon Mar 05 06:26:21 +0000 2018,0.0,0.811,0.189,396,@Fox,"RT @notwaldorf: At some point in my 30s I became a party pooper feminist. Inclusion is more than straight white women. It‚Äôs trans women, bl‚Ä¶"
396,0.0,Mon Mar 05 05:18:28 +0000 2018,0.0,1.0,0.0,397,@Fox,Reality comes at you fast. https://t.co/FYdgWyz6Ww
397,0.0,Mon Mar 05 02:01:34 +0000 2018,0.0,1.0,0.0,398,@Fox,"@ellehardytweets @sw has been advocating &amp; working against exclusionary, toxic tech culture for decades (here‚Äôs a p‚Ä¶ https://t.co/NbdO7yxlYw"
398,0.4588,Mon Mar 05 00:48:47 +0000 2018,0.0,0.875,0.125,399,@Fox,"RT @meelijane: Know any women looking to make a jump into UX? @codelikeagirlau and @academyxi are joining forces to offer a sweet $10K, 10-‚Ä¶"
399,-0.4588,Mon Mar 12 00:10:41 +0000 2018,0.129,0.82,0.051,400,@nytimes,Kevin Zeich had 3 and a half years left on his prison sentence. His doctors said he had less than half that long to‚Ä¶ https://t.co/bv0W9JJFSa
400,0.0,Sun Mar 11 23:54:00 +0000 2018,0.0,1.0,0.0,401,@nytimes,"Helicopter Crashes in East River Off Manhattan, Officials Report https://t.co/7rOLWTdZ5e"
401,-0.5423,Sun Mar 11 23:40:59 +0000 2018,0.246,0.632,0.123,402,@nytimes,"First Ray, then Patsy, now Joe. After a period of peace, another pizza war has broken out in New York City. https://t.co/8GhVhZkZue"
402,0.0,Sun Mar 11 23:20:56 +0000 2018,0.0,1.0,0.0,403,@nytimes,‚ÄòPunish a Muslim Day‚Äô Letters Rattle U.K. Communities https://t.co/hjbTTl7FA7
403,0.0,Sun Mar 11 23:00:30 +0000 2018,0.0,1.0,0.0,404,@nytimes,By the Book: Luis Alberto Urrea: By the Book https://t.co/lVoEGw8C6Z
404,0.25,Sun Mar 11 22:43:40 +0000 2018,0.155,0.655,0.19,405,@nytimes,"""The greatest challenge to lasting weight loss is the fact that no one can give up eating. Rather, one has to learn‚Ä¶ https://t.co/ffa3mkQSiU"
405,0.0,Sun Mar 11 22:29:16 +0000 2018,0.0,1.0,0.0,406,@nytimes,Opinion: The Ex-Jihadi in Plain Sight https://t.co/yd63gcbWIt
406,0.2484,Sun Mar 11 22:18:24 +0000 2018,0.122,0.698,0.18,407,@nytimes,She's 101 and suing one of the most powerful companies in show business https://t.co/D404UnIV9G
407,0.2023,Sun Mar 11 22:01:05 +0000 2018,0.0,0.878,0.122,408,@nytimes,Who will be the top seeds in this year's NCAA tournament? Here's a primer. https://t.co/RVVLzdnf5a
408,0.0,Sun Mar 11 21:51:02 +0000 2018,0.0,1.0,0.0,409,@nytimes,"We stand by our reporting, which was confirmed by multiple people close to President Trump https://t.co/IzXUsm5Rfz"
409,0.0,Sun Mar 11 21:46:09 +0000 2018,0.0,1.0,0.0,410,@nytimes,Some skiers who crashed in the treacherous conditions at the Sochi Paralympics are seeking redemption in Pyeongchang https://t.co/dVsifxjxlG
410,0.0,Sun Mar 11 21:31:04 +0000 2018,0.0,1.0,0.0,411,@nytimes,"For the third time in 12 years, Chile‚Äôs two towering political figures will trade the powers of the presidency https://t.co/Jcl0Sogl0E"
411,0.0,Sun Mar 11 21:16:06 +0000 2018,0.0,1.0,0.0,412,@nytimes,"Since 1851, obituaries in The New York Times have been dominated by white men. Now, we're adding the stories of mor‚Ä¶ https://t.co/WkV1npiYlI"
412,0.0,Sun Mar 11 21:01:02 +0000 2018,0.0,1.0,0.0,413,@nytimes,Another winter storm ‚Äî the third in less than two weeks ‚Äî is expected to hit New England starting on Monday evening https://t.co/3qSvGSl1bg
413,-0.6249,Sun Mar 11 20:46:21 +0000 2018,0.202,0.749,0.049,414,@nytimes,"RT @alexburnsNYT: ""People do want somebody who will fight for them""

Democrats, crushed in Ohio in 2016, trying to rebuild their populist c‚Ä¶"
414,0.4019,Sun Mar 11 20:31:08 +0000 2018,0.0,0.87,0.13,415,@nytimes,White evangelical Christians remain a core of President Trump's support. But there are signs that his hold on them‚Ä¶ https://t.co/TPAB9HpyRf
415,0.8074,Sun Mar 11 20:16:14 +0000 2018,0.0,0.61,0.39,416,@nytimes,Modern Love wants to hear about how college students handle sexual consent. Share your story.‚Ä¶ https://t.co/1Y1JtigIOx
416,-0.3182,Sun Mar 11 20:01:01 +0000 2018,0.141,0.859,0.0,417,@nytimes,"Al Sharpton, reconsidered: cigar bars, bespoke suits and an odd kinship with Donald Trump https://t.co/MgfnbRT3KL"
417,0.0,Sun Mar 11 19:54:03 +0000 2018,0.0,1.0,0.0,418,@nytimes,"RT @cliffordlevy: Few things:
‚Ä¢¬†@maggieNYT is one of the finest journalists in the world. 
‚Ä¢¬†@realDonaldTrump has talked to her for more th‚Ä¶"
418,-0.25,Sun Mar 11 19:46:05 +0000 2018,0.087,0.913,0.0,419,@nytimes,RT @NYTNational: An anti-opioid protest at the Temple of Dendur at the Met targeted a family of art patrons connected to OxyContin https://‚Ä¶
419,-0.4767,Sun Mar 11 19:31:05 +0000 2018,0.14,0.86,0.0,420,@nytimes,The North Carolina police officer seen using a Taser and punching a black man in a video had been suspended in the‚Ä¶ https://t.co/MPSI9Rh8DN
420,0.2023,Sun Mar 11 19:16:02 +0000 2018,0.0,0.909,0.091,421,@nytimes,Republicans rushed to pass a tax overhaul. Now companies and trade groups are pushing the Treasury Department and C‚Ä¶ https://t.co/NwZjulbphd
421,0.0,Sun Mar 11 18:59:49 +0000 2018,0.0,1.0,0.0,422,@nytimes,"RT @NYTimesPR: We stand by our reporting, which was confirmed by multiple people close to the President. 

https://t.co/V7QwknhCXK

https:/‚Ä¶"
422,0.2023,Sun Mar 11 18:46:04 +0000 2018,0.124,0.714,0.162,423,@nytimes,"Racial justice is driving the fight for, and against, the legalization of marijuana in New Jersey
https://t.co/sHIXSEp0nG"
423,0.0,Sun Mar 11 18:31:04 +0000 2018,0.0,1.0,0.0,424,@nytimes,"In a 75-minute performance in western Pennsylvania, it was President Trump, vintage 2016: rambling and animated, bo‚Ä¶ https://t.co/3YrPwzcHHx"
424,0.0,Sun Mar 11 18:16:02 +0000 2018,0.0,1.0,0.0,425,@nytimes,"RT @nytopinion: From the Editorial Board: In every election, tens of millions of Americans stay home. Studies of turnout among developed na‚Ä¶"
425,0.0,Sun Mar 11 18:01:05 +0000 2018,0.0,1.0,0.0,426,@nytimes,Wash your clothes and wipe your phones: British officials issued an advisory to some members of the public after a‚Ä¶ https://t.co/330Z0X5dcm
426,-0.0155,Sun Mar 11 17:46:03 +0000 2018,0.097,0.809,0.094,427,@nytimes,The sitcom ‚ÄúBlack-ish‚Äù has not been shy about plunging into controversial issues. But a recent politically charged‚Ä¶ https://t.co/2qQWRBKMMc
427,0.0,Sun Mar 11 17:46:03 +0000 2018,0.234,0.532,0.234,428,@nytimes,A horse walked into a club ‚Äî no joke https://t.co/pJuZYS2lku
428,0.0,Sun Mar 11 17:33:56 +0000 2018,0.0,1.0,0.0,429,@nytimes,RT @maggieNYT: ....which raises possibility Flood has turned him down https://t.co/UmnZMLogAf
429,0.0,Sun Mar 11 17:33:27 +0000 2018,0.0,1.0,0.0,430,@nytimes,RT @maggieNYT: Several people close to Trump confirmed our story. Trump also met with Emmet Flood in the Oval last week for purpose of pote‚Ä¶
430,0.0,Sun Mar 11 17:24:34 +0000 2018,0.0,1.0,0.0,431,@nytimes,"RT @maureendowd: Rebecca Miller makes a movie, grappling with her father's legacy, her hidden brother, and, inevitably, Marilyn Monroe.

ht‚Ä¶"
431,0.4404,Sun Mar 11 17:16:00 +0000 2018,0.094,0.687,0.219,432,@nytimes,"Bono apologized and said he was ""furious"" after former employees of a charity he co-founded accused managers of bul‚Ä¶ https://t.co/N1Rkdf8Qjo"
432,0.0,Sun Mar 11 17:01:05 +0000 2018,0.0,1.0,0.0,433,@nytimes,The program was intended to reintegrate soldiers into civilian life. Friday‚Äôs shooting at a California veterans hom‚Ä¶ https://t.co/sHRPr4f1Sb
433,0.0,Sun Mar 11 16:46:02 +0000 2018,0.0,1.0,0.0,434,@nytimes,GAAAAAAHHH! https://t.co/RY2PFkqU5Y
434,-0.4939,Sun Mar 11 16:31:08 +0000 2018,0.127,0.873,0.0,435,@nytimes,"RT @MujMash: Around this time 2001 the Taliban destroyed the Bamiyan Buddhas.
Their frames still stand tall in the valley.
‚ÄúThe Buddhas wer‚Ä¶"
435,0.1761,Sun Mar 11 16:16:09 +0000 2018,0.085,0.798,0.117,436,@nytimes,Trump‚Äôs seemingly unstoppable series of erratic moves has helped cast China as the more stable power in Asia https://t.co/w0KT9IUqe7
436,0.296,Sun Mar 11 16:01:08 +0000 2018,0.0,0.824,0.176,437,@nytimes,We want to hear how college students handle consent for sexual intimacy in relationships and encounters https://t.co/FRVOuFyp23
437,0.0,Sun Mar 11 15:46:02 +0000 2018,0.0,1.0,0.0,438,@nytimes,President Xi Jinping has set China on course to follow his hard-line authoritarian rule far into the future https://t.co/ZNBzhGP6KQ
438,0.0,Sun Mar 11 15:31:05 +0000 2018,0.0,1.0,0.0,439,@nytimes,"RT @malika_andrews: It‚Äôs selection Sunday! After a season riddled with setbacks, Louisville believes it has done enough to have its name ca‚Ä¶"
439,0.0299,Sun Mar 11 15:16:03 +0000 2018,0.093,0.809,0.098,440,@nytimes,Stephen Bannon and Marine Le Pen met in a symbolic embrace in France. It was not clear whether the encounter would‚Ä¶ https://t.co/VOsQfDpp1a
440,0.0,Sun Mar 11 15:05:13 +0000 2018,0.0,1.0,0.0,441,@nytimes,"Charmaine Pruitt, a black evangelical, thought she had found a spiritual home at a white-majority church. Then came‚Ä¶ https://t.co/2jhkWQoKpo"
441,-0.296,Sun Mar 11 14:46:04 +0000 2018,0.099,0.901,0.0,442,@nytimes,Trump has staked his reputation as a deal maker on the presumption that he can personally achieve what no other pre‚Ä¶ https://t.co/uoydgUbADf
442,0.5719,Sun Mar 11 14:31:06 +0000 2018,0.0,0.81,0.19,443,@nytimes,In an effort to better understand the top chief executives ‚Äî where they‚Äôre coming from and how they deal with the c‚Ä¶ https://t.co/0F3Errf58a
443,-0.5574,Sun Mar 11 14:17:01 +0000 2018,0.221,0.698,0.081,444,@nytimes,"RT @motokorich: For Asia, Trump's willingness to meet Kim Jong-un averts--at least for now--the threat of nuclear conflict. Then again, the‚Ä¶"
444,0.7845,Sun Mar 11 14:01:43 +0000 2018,0.0,0.753,0.247,445,@nytimes,"Modern Love: ""From the moment our daughter wakes to the moment she goes to sleep, we are engaged in a waltz with pe‚Ä¶ https://t.co/1GLvH9ouWQ"
445,0.0,Sun Mar 11 13:45:07 +0000 2018,0.0,1.0,0.0,446,@nytimes,Here are some of the highlights of the past week https://t.co/gSh2fxDPD8
446,-0.296,Sun Mar 11 13:41:06 +0000 2018,0.346,0.372,0.282,447,@nytimes,Bono Apologizes as Accusations of Abuse Hit Charity He Co-Founded https://t.co/qhfChDlonA
447,0.0,Sun Mar 11 13:15:06 +0000 2018,0.0,1.0,0.0,448,@nytimes,"Stephen Bannon, the exiled Trump adviser, is done wrecking the American establishment. His next mission? Training E‚Ä¶ https://t.co/5vhAFL7cWy"
448,0.0,Sun Mar 11 12:45:03 +0000 2018,0.0,1.0,0.0,449,@nytimes,President Trump is in discussions with a lawyer who represented Bill Clinton during the impeachment process about j‚Ä¶ https://t.co/yQWnJirGpP
449,0.0,Sun Mar 11 12:15:03 +0000 2018,0.0,1.0,0.0,450,@nytimes,"The Kushner and Trump families have been stepping up their real estate collaborations, blurring the line between fa‚Ä¶ https://t.co/wjU7n0cpbW"
450,0.6249,Sun Mar 11 12:06:03 +0000 2018,0.0,0.631,0.369,451,@nytimes,"Contributing Op-Ed Writer: YouTube, the Great Radicalizer https://t.co/DYj4CcKsD9"
451,-0.4215,Sun Mar 11 12:00:13 +0000 2018,0.128,0.872,0.0,452,@nytimes,"Emily Warren Roebling was not an engineer. But when her husband fell ill, she oversaw the construction and completi‚Ä¶ https://t.co/7Ggw4LPRdk"
452,-0.4939,Sun Mar 11 11:45:02 +0000 2018,0.225,0.775,0.0,453,@nytimes,Midwestern farmers could become collateral damage from retaliation against American tariffs https://t.co/fePAD3pZ7T
453,-0.3182,Sun Mar 11 11:15:05 +0000 2018,0.179,0.699,0.122,454,@nytimes,‚ÄúThese regulations were written with human blood.‚Äù Safety rules adopted after the Deepwater Horizon disaster are a‚Ä¶ https://t.co/lRxMuPECzk
454,0.0,Sun Mar 11 10:50:06 +0000 2018,0.0,1.0,0.0,455,@nytimes,Prime Minister Justin Trudeau of Canada has appointed the first permanent female leader of the Royal Canadian Mount‚Ä¶ https://t.co/R4AReaxMxU
455,0.0,Sun Mar 11 10:31:39 +0000 2018,0.0,1.0,0.0,456,@nytimes,"In Chile, a Billionaire Takes the Reins From a Socialist, Again https://t.co/wiFa3t6bzK"
456,0.4215,Sun Mar 11 10:23:38 +0000 2018,0.0,0.859,0.141,457,@nytimes,"The worlds of drug marketing and TV entertainment are blurring. Take a look at a recent episode of ""black-ish."" https://t.co/KvyFSyAIUO"
457,-0.6588,Sun Mar 11 10:05:10 +0000 2018,0.204,0.796,0.0,458,@nytimes,Donald Trump‚Äôs election shook one Ohio man so badly he swore off all political news. But what are the ethics of ign‚Ä¶ https://t.co/srVJ0dS1Pn
458,0.3818,Sun Mar 11 09:59:54 +0000 2018,0.0,0.833,0.167,459,@nytimes,"On College Basketball: As N.C.A.A. Field Comes Together, Integrity Is on the Bubble https://t.co/ai34W61OpN"
459,0.0,Sun Mar 11 09:56:16 +0000 2018,0.0,1.0,0.0,460,@nytimes,‚ÄòSaturday Night Live‚Äô Parodies ‚ÄòThe Bachelor‚Äô With Another Kind of Breakup https://t.co/32ZNhuG68s
460,0.0,Sun Mar 11 09:33:44 +0000 2018,0.0,1.0,0.0,461,@nytimes,G.O.P. Rushed to Pass Tax Overhaul. Now It May Need to Be Altered. https://t.co/8GV1VyeNY1
461,0.0,Sun Mar 11 09:26:23 +0000 2018,0.0,1.0,0.0,462,@nytimes,"Vows: From Crayons to Chemo, He‚Äôs Back by Her Side https://t.co/khs9VanuQm"
462,0.2263,Sun Mar 11 09:22:46 +0000 2018,0.0,0.84,0.16,463,@nytimes,"City Kitchen: A Take on Shepherd‚Äôs Pie, Straight From the Farm https://t.co/H5d5NlBJgC"
463,0.4019,Sun Mar 11 09:15:40 +0000 2018,0.17,0.544,0.286,464,@nytimes,How Do You Teach People to Love Difficult Music? https://t.co/pGIZHTO278
464,0.2732,Sun Mar 11 09:11:57 +0000 2018,0.0,0.792,0.208,465,@nytimes,"At the Hayden Planetarium, a Joyride Across the Cosmos https://t.co/WNi6IWjjJp"
465,0.0,Sun Mar 11 09:11:12 +0000 2018,0.0,1.0,0.0,466,@nytimes,"In Opinion

Op-Ed contributors John McCain and Angelina Jolie write, ""Around the world, there is profound concern t‚Ä¶ https://t.co/vVHUdWVe0o"
466,-0.3612,Sun Mar 11 08:54:01 +0000 2018,0.128,0.872,0.0,467,@nytimes,President Trump will convene with a group of leaders who have criticized his statements and policies on immigration https://t.co/nv9rMEIPon
467,0.6705,Sun Mar 11 08:50:24 +0000 2018,0.0,0.519,0.481,468,@nytimes,China‚Äôs Xi Wins Constitutional Backing for New Strongman Era https://t.co/M3WNKiEPkv
468,0.2263,Sun Mar 11 08:32:10 +0000 2018,0.108,0.739,0.153,469,@nytimes,"If you‚Äôre worried about the stock market, find someone to give you a hug. Let us explain. https://t.co/Ba4T4wFNT7"
469,0.0,Sun Mar 11 08:16:01 +0000 2018,0.0,1.0,0.0,470,@nytimes,"""I'm a little rusty, but it doesn't matter,"" Serena Williams said to the crowd. ""I'm just out here on this journey‚Ä¶ https://t.co/7oUOEYBDZa"
470,0.5267,Sun Mar 11 07:58:03 +0000 2018,0.132,0.549,0.319,471,@nytimes,Some British schools are encouraging riskier play to build resilience and grit https://t.co/cCkagvGTHw
471,0.0,Sun Mar 11 07:28:49 +0000 2018,0.0,1.0,0.0,472,@nytimes,What to Pack for 36 Hours in Auckland https://t.co/R8wXEH8Hpw
472,0.25,Sun Mar 11 07:15:08 +0000 2018,0.0,0.913,0.087,473,@nytimes,Ida B. Wells is considered by historians to have been the most famous black woman in the U.S. during her lifetime.‚Ä¶ https://t.co/aoFduRNlyR
473,0.0,Sun Mar 11 06:51:30 +0000 2018,0.0,1.0,0.0,474,@nytimes,Make this pot of red beans and rice https://t.co/ABJjSxsnMw https://t.co/yjmbAmYqM9
474,0.4404,Sun Mar 11 06:32:55 +0000 2018,0.0,0.804,0.196,475,@nytimes,"Michael B. Jordan says his company will adopt inclusion riders, the diversity effort championed by Frances McDorman‚Ä¶ https://t.co/MNdDFuMVIt"
475,-0.1779,Sun Mar 11 06:16:02 +0000 2018,0.166,0.704,0.131,476,@nytimes,"Mired in poverty not long ago, Ghana‚Äôs economic growth is on track to outpace India‚Äôs https://t.co/lJpEBXU7cn"
476,0.0,Sun Mar 11 05:58:05 +0000 2018,0.0,1.0,0.0,477,@nytimes,"Sensing a power grab in China by President Xi Jinping, Chinese students in the U.S. are showing signs of activism f‚Ä¶ https://t.co/QImdvZPUZp"
477,0.6124,Sun Mar 11 05:36:41 +0000 2018,0.08,0.62,0.299,478,@nytimes,From everyone cares and everything matters to no one cares and nothing matters. Here are 25 songs that tell us wher‚Ä¶ https://t.co/wufZ5kGonc
478,0.0,Sun Mar 11 05:18:03 +0000 2018,0.0,1.0,0.0,479,@nytimes,Clocks spring forward this weekend. Florida never wants them to fall back. https://t.co/AhBfQGFt3t
479,0.1531,Sun Mar 11 05:00:37 +0000 2018,0.13,0.672,0.197,480,@nytimes,"Fake news on Twitter is 70% more likely to be shared than the truth, researchers at MIT found https://t.co/PDx3HOmyfE"
480,0.0,Sun Mar 11 04:41:27 +0000 2018,0.0,1.0,0.0,481,@nytimes,Peter Thiel is leaving Silicon Valley. Will others? https://t.co/0srODDzsRg
481,0.0,Sun Mar 11 04:24:14 +0000 2018,0.0,1.0,0.0,482,@nytimes,"The sickle cell mutation arose 7,300 years ago in just one person in West Africa, scientists say. Its purpose: a sh‚Ä¶ https://t.co/qpYVUarVZJ"
482,0.0,Sun Mar 11 04:04:46 +0000 2018,0.0,1.0,0.0,483,@nytimes,A Horse Walked Into a Miami Beach Nightclub. Now Nobody Else Can. https://t.co/kaw0IMzBga
483,0.5994,Sun Mar 11 03:51:34 +0000 2018,0.0,0.776,0.224,484,@nytimes,"Amazon says it has figured out why its digital assistant, Alexa, has been mysteriously laughing for some users https://t.co/zE07cpOBNV"
484,-0.7579,Sun Mar 11 03:33:31 +0000 2018,0.449,0.476,0.075,485,@nytimes,Violence Strikes a Veterans Program That Strove to Prevent It https://t.co/hvCn5WOiIc
485,0.0,Sun Mar 11 03:22:13 +0000 2018,0.0,1.0,0.0,486,@nytimes,"‚ÄúWe need your help,‚Äù a waitress in a small town whispered to our reporter. Here's what's happening in Madison, Indi‚Ä¶ https://t.co/aLpZcnQdEX"
486,0.128,Sun Mar 11 03:02:17 +0000 2018,0.0,0.927,0.073,487,@nytimes,"Adam Rippon: ""I kind of have a feeling that I‚Äôve used the Olympics to get myself to meet the world"" https://t.co/prxur7Ha0U"
487,0.1027,Sun Mar 11 02:46:01 +0000 2018,0.14,0.698,0.163,488,@nytimes,It‚Äôs True: False News Spreads Faster and Wider. And Humans Are to Blame. https://t.co/1tpUTE8QV5
488,-0.4754,Sun Mar 11 02:35:51 +0000 2018,0.134,0.866,0.0,489,@nytimes,"‚ÄúIt‚Äôs sort of disheartening at first to realize how much we humans are responsible,"" one MIT researcher said of fal‚Ä¶ https://t.co/6oZXCa5Frp"
489,-0.3612,Sun Mar 11 02:15:05 +0000 2018,0.111,0.889,0.0,490,@nytimes,"‚ÄúSomebody must show that the Afro-American race is more sinned against than sinning, and it seems to have fallen up‚Ä¶ https://t.co/Qq9akMXkLy"
490,0.2023,Sun Mar 11 01:45:50 +0000 2018,0.0,0.886,0.114,491,@nytimes,"After reigning atop the music industry for a decade, Taylor Swift suddenly seems under review https://t.co/3TNDXjLIby"
491,0.0772,Sun Mar 11 01:26:47 +0000 2018,0.0,0.933,0.067,492,@nytimes,Over the years Frida Kahlo has been associated with a number of unlikely products. But what about a Barbie doll? https://t.co/hmiWCz6VQN
492,-0.6705,Sun Mar 11 01:09:44 +0000 2018,0.333,0.667,0.0,493,@nytimes,"California Police Officer Killed by Barricaded Gunman, Officials Say https://t.co/r6b4hyKEL3"
493,0.6486,Sun Mar 11 01:02:02 +0000 2018,0.0,0.751,0.249,494,@nytimes,The excavation of Rome‚Äôs newest subway line has been the gift that keeps on giving for archaeologists https://t.co/cU0L1MwWU1
494,0.0,Sun Mar 11 00:43:23 +0000 2018,0.0,1.0,0.0,495,@nytimes,Opinion: Eyes Here: Weekend Reads From the Opinion Section https://t.co/ANpEESonA0
495,0.128,Sun Mar 11 00:36:51 +0000 2018,0.1,0.779,0.121,496,@nytimes,An elaborate system has developed to silence women who level accusations against powerful men. One of those women i‚Ä¶ https://t.co/4Dmxpjsgi8
496,0.5106,Sun Mar 11 00:16:18 +0000 2018,0.0,0.645,0.355,497,@nytimes,The Unbearable Cuteness of Maternity Overalls https://t.co/pfOpGxSbfr
497,0.0,Sun Mar 11 00:11:17 +0000 2018,0.0,1.0,0.0,498,@nytimes,Here‚Äôs Cardi B‚Äôs ‚ÄúBodak Yellow‚Äù and your 3 minutes 44 seconds of frankness in a year of feminist pandering https://t.co/YVZ4Ae8ODr
498,0.0,Sat Mar 10 23:50:27 +0000 2018,0.0,1.0,0.0,499,@nytimes,The ground around San Francisco Bay is sinking to meet the rising sea https://t.co/XOOxtmWNq4
